Record Length,2.500000e+03,,  -0.001980000000,  62.00000,
Sample Interval,2.000000e-06,,  -0.001978000000,  60.00000,
Trigger Point,9.900000000000e+02,,  -0.001976000000,  62.00000,
,,,  -0.001974000000,  62.00000,
,,,  -0.001972000000,  62.00000,
,,,  -0.001970000000,  62.00000,
Source,CH4,,  -0.001968000000,  62.00000,
Vertical Units,V,,  -0.001966000000,  62.00000,
Vertical Scale,5.000000e+01,,  -0.001964000000,  62.00000,
Vertical Offset,-1.200000e+01,,  -0.001962000000,  62.00000,
Horizontal Units,s,,  -0.001960000000,  62.00000,
Horizontal Scale,5.000000e-04,,  -0.001958000000,  62.00000,
Pt Fmt,Y,,  -0.001956000000,  62.00000,
Yzero,0.000000e+00,,  -0.001954000000,  62.00000,
Probe Atten,1.000000e+01,,  -0.001952000000,  62.00000,
Model Number,TDS2014B,,  -0.001950000000,  62.00000,
Serial Number,C020144,,  -0.001948000000,  62.00000,
Firmware Version,FV:v21.20,,  -0.001946000000,  62.00000,
,,,-00.001944000000,  62.00000,
,,,-00.001942000000,  62.00000,
,,,-00.001940000000,  62.00000,
,,,-00.001938000000,  62.00000,
,,,-00.001936000000,  62.00000,
,,,-00.001934000000,  62.00000,
,,,-00.001932000000,  62.00000,
,,,-00.001930000000,  62.00000,
,,,-00.001928000000,  62.00000,
,,,-00.001926000000,  62.00000,
,,,-00.001924000000,  62.00000,
,,,-00.001922000000,  64.00000,
,,,-00.001920000000,  64.00000,
,,,-00.001918000000,  62.00000,
,,,-00.001916000000,  62.00000,
,,,-00.001914000000,  62.00000,
,,,-00.001912000000,  62.00000,
,,,-00.001910000000,  64.00000,
,,,-00.001908000000,  64.00000,
,,,-00.001906000000,  62.00000,
,,,-00.001904000000,  62.00000,
,,,-00.001902000000,  62.00000,
,,,-00.001900000000,  64.00000,
,,,-00.001898000000,  62.00000,
,,,-00.001896000000,  62.00000,
,,,-00.001894000000,  64.00000,
,,,-00.001892000000,  64.00000,
,,,-00.001890000000,  62.00000,
,,,-00.001888000000,  62.00000,
,,,-00.001886000000,  62.00000,
,,,-00.001884000000,  64.00000,
,,,-00.001882000000,  64.00000,
,,,-00.001880000000,  62.00000,
,,,-00.001878000000,  62.00000,
,,,-00.001876000000,  64.00000,
,,,-00.001874000000,  64.00000,
,,,-00.001872000000,  62.00000,
,,,-00.001870000000,  62.00000,
,,,-00.001868000000,  64.00000,
,,,-00.001866000000,  64.00000,
,,,-00.001864000000,  62.00000,
,,,-00.001862000000,  64.00000,
,,,-00.001860000000,  62.00000,
,,,-00.001858000000,  62.00000,
,,,-00.001856000000,  64.00000,
,,,-00.001854000000,  64.00000,
,,,-00.001852000000,  64.00000,
,,,-00.001850000000,  64.00000,
,,,-00.001848000000,  64.00000,
,,,-00.001846000000,  64.00000,
,,,-00.001844000000,  64.00000,
,,,-00.001842000000,  62.00000,
,,,-00.001840000000,  64.00000,
,,,-00.001838000000,  64.00000,
,,,-00.001836000000,  64.00000,
,,,-00.001834000000,  64.00000,
,,,-00.001832000000,  64.00000,
,,,-00.001830000000,  64.00000,
,,,-00.001828000000,  64.00000,
,,,-00.001826000000,  64.00000,
,,,-00.001824000000,  64.00000,
,,,-00.001822000000,  64.00000,
,,,-00.001820000000,  64.00000,
,,,-00.001818000000,  62.00000,
,,,-00.001816000000,  64.00000,
,,,-00.001814000000,  64.00000,
,,,-00.001812000000,  64.00000,
,,,-00.001810000000,  64.00000,
,,,-00.001808000000,  64.00000,
,,,-00.001806000000,  64.00000,
,,,-00.001804000000,  64.00000,
,,,-00.001802000000,  64.00000,
,,,-00.001800000000,  64.00000,
,,,-00.001798000000,  64.00000,
,,,-00.001796000000,  64.00000,
,,,-00.001794000000,  64.00000,
,,,-00.001792000000,  64.00000,
,,,-00.001790000000,  64.00000,
,,,-00.001788000000,  64.00000,
,,,-00.001786000000,  64.00000,
,,,-00.001784000000,  64.00000,
,,,-00.001782000000,  64.00000,
,,,-00.001780000000,  64.00000,
,,,-00.001778000000,  64.00000,
,,,-00.001776000000,  64.00000,
,,,-00.001774000000,  64.00000,
,,,-00.001772000000,  64.00000,
,,,-00.001770000000,  64.00000,
,,,-00.001768000000,  64.00000,
,,,-00.001766000000,  64.00000,
,,,-00.001764000000,  64.00000,
,,,-00.001762000000,  64.00000,
,,,-00.001760000000,  64.00000,
,,,-00.001758000000,  64.00000,
,,,-00.001756000000,  64.00000,
,,,-00.001754000000,  64.00000,
,,,-00.001752000000,  64.00000,
,,,-00.001750000000,  64.00000,
,,,-00.001748000000,  64.00000,
,,,-00.001746000000,  64.00000,
,,,-00.001744000000,  64.00000,
,,,-00.001742000000,  64.00000,
,,,-00.001740000000,  64.00000,
,,,-00.001738000000,  64.00000,
,,,-00.001736000000,  64.00000,
,,,-00.001734000000,  64.00000,
,,,-00.001732000000,  64.00000,
,,,-00.001730000000,  64.00000,
,,,-00.001728000000,  64.00000,
,,,-00.001726000000,  64.00000,
,,,-00.001724000000,  64.00000,
,,,-00.001722000000,  64.00000,
,,,-00.001720000000,  64.00000,
,,,-00.001718000000,  64.00000,
,,,-00.001716000000,  64.00000,
,,,-00.001714000000,  64.00000,
,,,-00.001712000000,  64.00000,
,,,-00.001710000000,  64.00000,
,,,-00.001708000000,  64.00000,
,,,-00.001706000000,  64.00000,
,,,-00.001704000000,  64.00000,
,,,-00.001702000000,  64.00000,
,,,-00.001700000000,  64.00000,
,,,-00.001698000000,  64.00000,
,,,-00.001696000000,  64.00000,
,,,-00.001694000000,  64.00000,
,,,-00.001692000000,  66.00000,
,,,-00.001690000000,  64.00000,
,,,-00.001688000000,  64.00000,
,,,-00.001686000000,  64.00000,
,,,-00.001684000000,  64.00000,
,,,-00.001682000000,  64.00000,
,,,-00.001680000000,  64.00000,
,,,-00.001678000000,  64.00000,
,,,-00.001676000000,  64.00000,
,,,-00.001674000000,  64.00000,
,,,-00.001672000000,  64.00000,
,,,-00.001670000000,  64.00000,
,,,-00.001668000000,  64.00000,
,,,-00.001666000000,  64.00000,
,,,-00.001664000000,  64.00000,
,,,-00.001662000000,  64.00000,
,,,-00.001660000000,  64.00000,
,,,-00.001658000000,  64.00000,
,,,-00.001656000000,  66.00000,
,,,-00.001654000000,  64.00000,
,,,-00.001652000000,  64.00000,
,,,-00.001650000000,  64.00000,
,,,-00.001648000000,  64.00000,
,,,-00.001646000000,  66.00000,
,,,-00.001644000000,  64.00000,
,,,-00.001642000000,  66.00000,
,,,-00.001640000000,  64.00000,
,,,-00.001638000000,  66.00000,
,,,-00.001636000000,  66.00000,
,,,-00.001634000000,  66.00000,
,,,-00.001632000000,  66.00000,
,,,-00.001630000000,  66.00000,
,,,-00.001628000000,  64.00000,
,,,-00.001626000000,  64.00000,
,,,-00.001624000000,  64.00000,
,,,-00.001622000000,  66.00000,
,,,-00.001620000000,  64.00000,
,,,-00.001618000000,  64.00000,
,,,-00.001616000000,  64.00000,
,,,-00.001614000000,  66.00000,
,,,-00.001612000000,  64.00000,
,,,-00.001610000000,  64.00000,
,,,-00.001608000000,  66.00000,
,,,-00.001606000000,  66.00000,
,,,-00.001604000000,  66.00000,
,,,-00.001602000000,  66.00000,
,,,-00.001600000000,  66.00000,
,,,-00.001598000000,  66.00000,
,,,-00.001596000000,  66.00000,
,,,-00.001594000000,  66.00000,
,,,-00.001592000000,  66.00000,
,,,-00.001590000000,  66.00000,
,,,-00.001588000000,  66.00000,
,,,-00.001586000000,  66.00000,
,,,-00.001584000000,  66.00000,
,,,-00.001582000000,  66.00000,
,,,-00.001580000000,  66.00000,
,,,-00.001578000000,  66.00000,
,,,-00.001576000000,  64.00000,
,,,-00.001574000000,  66.00000,
,,,-00.001572000000,  66.00000,
,,,-00.001570000000,  66.00000,
,,,-00.001568000000,  66.00000,
,,,-00.001566000000,  66.00000,
,,,-00.001564000000,  66.00000,
,,,-00.001562000000,  66.00000,
,,,-00.001560000000,  66.00000,
,,,-00.001558000000,  66.00000,
,,,-00.001556000000,  66.00000,
,,,-00.001554000000,  66.00000,
,,,-00.001552000000,  66.00000,
,,,-00.001550000000,  66.00000,
,,,-00.001548000000,  66.00000,
,,,-00.001546000000,  66.00000,
,,,-00.001544000000,  66.00000,
,,,-00.001542000000,  66.00000,
,,,-00.001540000000,  66.00000,
,,,-00.001538000000,  66.00000,
,,,-00.001536000000,  66.00000,
,,,-00.001534000000,  66.00000,
,,,-00.001532000000,  66.00000,
,,,-00.001530000000,  66.00000,
,,,-00.001528000000,  66.00000,
,,,-00.001526000000,  66.00000,
,,,-00.001524000000,  66.00000,
,,,-00.001522000000,  66.00000,
,,,-00.001520000000,  66.00000,
,,,-00.001518000000,  68.00000,
,,,-00.001516000000,  66.00000,
,,,-00.001514000000,  66.00000,
,,,-00.001512000000,  66.00000,
,,,-00.001510000000,  66.00000,
,,,-00.001508000000,  66.00000,
,,,-00.001506000000,  66.00000,
,,,-00.001504000000,  68.00000,
,,,-00.001502000000,  66.00000,
,,,-00.001500000000,  66.00000,
,,,-00.001498000000,  66.00000,
,,,-00.001496000000,  66.00000,
,,,-00.001494000000,  66.00000,
,,,-00.001492000000,  66.00000,
,,,-00.001490000000,  66.00000,
,,,-00.001488000000,  66.00000,
,,,-00.001486000000,  66.00000,
,,,-00.001484000000,  66.00000,
,,,-00.001482000000,  66.00000,
,,,-00.001480000000,  66.00000,
,,,-00.001478000000,  66.00000,
,,,-00.001476000000,  66.00000,
,,,-00.001474000000,  66.00000,
,,,-00.001472000000,  66.00000,
,,,-00.001470000000,  66.00000,
,,,-00.001468000000,  66.00000,
,,,-00.001466000000,  66.00000,
,,,-00.001464000000,  68.00000,
,,,-00.001462000000,  66.00000,
,,,-00.001460000000,  66.00000,
,,,-00.001458000000,  68.00000,
,,,-00.001456000000,  66.00000,
,,,-00.001454000000,  68.00000,
,,,-00.001452000000,  66.00000,
,,,-00.001450000000,  68.00000,
,,,-00.001448000000,  66.00000,
,,,-00.001446000000,  68.00000,
,,,-00.001444000000,  66.00000,
,,,-00.001442000000,  68.00000,
,,,-00.001440000000,  66.00000,
,,,-00.001438000000,  66.00000,
,,,-00.001436000000,  68.00000,
,,,-00.001434000000,  66.00000,
,,,-00.001432000000,  68.00000,
,,,-00.001430000000,  68.00000,
,,,-00.001428000000,  68.00000,
,,,-00.001426000000,  66.00000,
,,,-00.001424000000,  68.00000,
,,,-00.001422000000,  66.00000,
,,,-00.001420000000,  68.00000,
,,,-00.001418000000,  66.00000,
,,,-00.001416000000,  68.00000,
,,,-00.001414000000,  68.00000,
,,,-00.001412000000,  68.00000,
,,,-00.001410000000,  68.00000,
,,,-00.001408000000,  66.00000,
,,,-00.001406000000,  68.00000,
,,,-00.001404000000,  68.00000,
,,,-00.001402000000,  68.00000,
,,,-00.001400000000,  68.00000,
,,,-00.001398000000,  68.00000,
,,,-00.001396000000,  68.00000,
,,,-00.001394000000,  68.00000,
,,,-00.001392000000,  68.00000,
,,,-00.001390000000,  68.00000,
,,,-00.001388000000,  68.00000,
,,,-00.001386000000,  68.00000,
,,,-00.001384000000,  68.00000,
,,,-00.001382000000,  68.00000,
,,,-00.001380000000,  66.00000,
,,,-00.001378000000,  68.00000,
,,,-00.001376000000,  68.00000,
,,,-00.001374000000,  68.00000,
,,,-00.001372000000,  68.00000,
,,,-00.001370000000,  68.00000,
,,,-00.001368000000,  68.00000,
,,,-00.001366000000,  68.00000,
,,,-00.001364000000,  68.00000,
,,,-00.001362000000,  68.00000,
,,,-00.001360000000,  68.00000,
,,,-00.001358000000,  68.00000,
,,,-00.001356000000,  68.00000,
,,,-00.001354000000,  68.00000,
,,,-00.001352000000,  68.00000,
,,,-00.001350000000,  68.00000,
,,,-00.001348000000,  68.00000,
,,,-00.001346000000,  68.00000,
,,,-00.001344000000,  68.00000,
,,,-00.001342000000,  68.00000,
,,,-00.001340000000,  68.00000,
,,,-00.001338000000,  68.00000,
,,,-00.001336000000,  68.00000,
,,,-00.001334000000,  68.00000,
,,,-00.001332000000,  68.00000,
,,,-00.001330000000,  68.00000,
,,,-00.001328000000,  68.00000,
,,,-00.001326000000,  68.00000,
,,,-00.001324000000,  68.00000,
,,,-00.001322000000,  68.00000,
,,,-00.001320000000,  68.00000,
,,,-00.001318000000,  68.00000,
,,,-00.001316000000,  68.00000,
,,,-00.001314000000,  68.00000,
,,,-00.001312000000,  68.00000,
,,,-00.001310000000,  68.00000,
,,,-00.001308000000,  68.00000,
,,,-00.001306000000,  68.00000,
,,,-00.001304000000,  70.00000,
,,,-00.001302000000,  68.00000,
,,,-00.001300000000,  68.00000,
,,,-00.001298000000,  68.00000,
,,,-00.001296000000,  68.00000,
,,,-00.001294000000,  68.00000,
,,,-00.001292000000,  68.00000,
,,,-00.001290000000,  68.00000,
,,,-00.001288000000,  68.00000,
,,,-00.001286000000,  68.00000,
,,,-00.001284000000,  68.00000,
,,,-00.001282000000,  68.00000,
,,,-00.001280000000,  68.00000,
,,,-00.001278000000,  70.00000,
,,,-00.001276000000,  68.00000,
,,,-00.001274000000,  68.00000,
,,,-00.001272000000,  68.00000,
,,,-00.001270000000,  68.00000,
,,,-00.001268000000,  68.00000,
,,,-00.001266000000,  70.00000,
,,,-00.001264000000,  68.00000,
,,,-00.001262000000,  68.00000,
,,,-00.001260000000,  68.00000,
,,,-00.001258000000,  68.00000,
,,,-00.001256000000,  70.00000,
,,,-00.001254000000,  70.00000,
,,,-00.001252000000,  70.00000,
,,,-00.001250000000,  70.00000,
,,,-00.001248000000,  68.00000,
,,,-00.001246000000,  68.00000,
,,,-00.001244000000,  70.00000,
,,,-00.001242000000,  68.00000,
,,,-00.001240000000,  70.00000,
,,,-00.001238000000,  68.00000,
,,,-00.001236000000,  70.00000,
,,,-00.001234000000,  68.00000,
,,,-00.001232000000,  70.00000,
,,,-00.001230000000,  70.00000,
,,,-00.001228000000,  70.00000,
,,,-00.001226000000,  70.00000,
,,,-00.001224000000,  68.00000,
,,,-00.001222000000,  70.00000,
,,,-00.001220000000,  70.00000,
,,,-00.001218000000,  68.00000,
,,,-00.001216000000,  70.00000,
,,,-00.001214000000,  70.00000,
,,,-00.001212000000,  70.00000,
,,,-00.001210000000,  70.00000,
,,,-00.001208000000,  70.00000,
,,,-00.001206000000,  70.00000,
,,,-00.001204000000,  68.00000,
,,,-00.001202000000,  70.00000,
,,,-00.001200000000,  70.00000,
,,,-00.001198000000,  68.00000,
,,,-00.001196000000,  70.00000,
,,,-00.001194000000,  70.00000,
,,,-00.001192000000,  70.00000,
,,,-00.001190000000,  70.00000,
,,,-00.001188000000,  70.00000,
,,,-00.001186000000,  70.00000,
,,,-00.001184000000,  68.00000,
,,,-00.001182000000,  70.00000,
,,,-00.001180000000,  70.00000,
,,,-00.001178000000,  70.00000,
,,,-00.001176000000,  70.00000,
,,,-00.001174000000,  70.00000,
,,,-00.001172000000,  70.00000,
,,,-00.001170000000,  70.00000,
,,,-00.001168000000,  70.00000,
,,,-00.001166000000,  70.00000,
,,,-00.001164000000,  70.00000,
,,,-00.001162000000,  70.00000,
,,,-00.001160000000,  70.00000,
,,,-00.001158000000,  70.00000,
,,,-00.001156000000,  70.00000,
,,,-00.001154000000,  70.00000,
,,,-00.001152000000,  70.00000,
,,,-00.001150000000,  70.00000,
,,,-00.001148000000,  68.00000,
,,,-00.001146000000,  70.00000,
,,,-00.001144000000,  70.00000,
,,,-00.001142000000,  70.00000,
,,,-00.001140000000,  70.00000,
,,,-00.001138000000,  70.00000,
,,,-00.001136000000,  70.00000,
,,,-00.001134000000,  70.00000,
,,,-00.001132000000,  70.00000,
,,,-00.001130000000,  70.00000,
,,,-00.001128000000,  70.00000,
,,,-00.001126000000,  70.00000,
,,,-00.001124000000,  70.00000,
,,,-00.001122000000,  70.00000,
,,,-00.001120000000,  70.00000,
,,,-00.001118000000,  70.00000,
,,,-00.001116000000,  70.00000,
,,,-00.001114000000,  70.00000,
,,,-00.001112000000,  70.00000,
,,,-00.001110000000,  70.00000,
,,,-00.001108000000,  70.00000,
,,,-00.001106000000,  70.00000,
,,,-00.001104000000,  70.00000,
,,,-00.001102000000,  70.00000,
,,,-00.001100000000,  70.00000,
,,,-00.001098000000,  70.00000,
,,,-00.001096000000,  70.00000,
,,,-00.001094000000,  70.00000,
,,,-00.001092000000,  70.00000,
,,,-00.001090000000,  70.00000,
,,,-00.001088000000,  70.00000,
,,,-00.001086000000,  70.00000,
,,,-00.001084000000,  70.00000,
,,,-00.001082000000,  70.00000,
,,,-00.001080000000,  70.00000,
,,,-00.001078000000,  70.00000,
,,,-00.001076000000,  70.00000,
,,,-00.001074000000,  70.00000,
,,,-00.001072000000,  70.00000,
,,,-00.001070000000,  70.00000,
,,,-00.001068000000,  70.00000,
,,,-00.001066000000,  70.00000,
,,,-00.001064000000,  70.00000,
,,,-00.001062000000,  70.00000,
,,,-00.001060000000,  70.00000,
,,,-00.001058000000,  70.00000,
,,,-00.001056000000,  70.00000,
,,,-00.001054000000,  70.00000,
,,,-00.001052000000,  70.00000,
,,,-00.001050000000,  70.00000,
,,,-00.001048000000,  70.00000,
,,,-00.001046000000,  70.00000,
,,,-00.001044000000,  70.00000,
,,,-00.001042000000,  70.00000,
,,,-00.001040000000,  70.00000,
,,,-00.001038000000,  70.00000,
,,,-00.001036000000,  70.00000,
,,,-00.001034000000,  70.00000,
,,,-00.001032000000,  70.00000,
,,,-00.001030000000,  70.00000,
,,,-00.001028000000,  70.00000,
,,,-00.001026000000,  70.00000,
,,,-00.001024000000,  70.00000,
,,,-00.001022000000,  70.00000,
,,,-00.001020000000,  70.00000,
,,,-00.001018000000,  70.00000,
,,,-00.001016000000,  70.00000,
,,,-00.001014000000,  70.00000,
,,,-00.001012000000,  70.00000,
,,,-00.001010000000,  72.00000,
,,,-00.001008000000,  70.00000,
,,,-00.001006000000,  70.00000,
,,,-00.001004000000,  72.00000,
,,,-00.001002000000,  70.00000,
,,,-00.001000000000,  70.00000,
,,,-00.000998000000,  70.00000,
,,,-00.000996000000,  72.00000,
,,,-00.000994000000,  70.00000,
,,,-00.000992000000,  72.00000,
,,,-00.000990000000,  72.00000,
,,,-00.000988000000,  70.00000,
,,,-00.000986000000,  70.00000,
,,,-00.000984000000,  72.00000,
,,,-00.000982000000,  70.00000,
,,,-00.000980000000,  72.00000,
,,,-00.000978000000,  70.00000,
,,,-00.000976000000,  72.00000,
,,,-00.000974000000,  72.00000,
,,,-00.000972000000,  72.00000,
,,,-00.000970000000,  70.00000,
,,,-00.000968000000,  70.00000,
,,,-00.000966000000,  72.00000,
,,,-00.000964000000,  70.00000,
,,,-00.000962000000,  70.00000,
,,,-00.000960000000,  72.00000,
,,,-00.000958000000,  72.00000,
,,,-00.000956000000,  72.00000,
,,,-00.000954000000,  72.00000,
,,,-00.000952000000,  72.00000,
,,,-00.000950000000,  72.00000,
,,,-00.000948000000,  72.00000,
,,,-00.000946000000,  72.00000,
,,,-00.000944000000,  72.00000,
,,,-00.000942000000,  70.00000,
,,,-00.000940000000,  72.00000,
,,,-00.000938000000,  72.00000,
,,,-00.000936000000,  72.00000,
,,,-00.000934000000,  72.00000,
,,,-00.000932000000,  72.00000,
,,,-00.000930000000,  72.00000,
,,,-00.000928000000,  72.00000,
,,,-00.000926000000,  72.00000,
,,,-00.000924000000,  72.00000,
,,,-00.000922000000,  72.00000,
,,,-00.000920000000,  72.00000,
,,,-00.000918000000,  72.00000,
,,,-00.000916000000,  72.00000,
,,,-00.000914000000,  72.00000,
,,,-00.000912000000,  72.00000,
,,,-00.000910000000,  72.00000,
,,,-00.000908000000,  72.00000,
,,,-00.000906000000,  72.00000,
,,,-00.000904000000,  72.00000,
,,,-00.000902000000,  72.00000,
,,,-00.000900000000,  72.00000,
,,,-00.000898000000,  72.00000,
,,,-00.000896000000,  74.00000,
,,,-00.000894000000,  72.00000,
,,,-00.000892000000,  70.00000,
,,,-00.000890000000,  72.00000,
,,,-00.000888000000,  72.00000,
,,,-00.000886000000,  72.00000,
,,,-00.000884000000,  72.00000,
,,,-00.000882000000,  72.00000,
,,,-00.000880000000,  72.00000,
,,,-00.000878000000,  72.00000,
,,,-00.000876000000,  72.00000,
,,,-00.000874000000,  72.00000,
,,,-00.000872000000,  72.00000,
,,,-00.000870000000,  72.00000,
,,,-00.000868000000,  72.00000,
,,,-00.000866000000,  72.00000,
,,,-00.000864000000,  72.00000,
,,,-00.000862000000,  72.00000,
,,,-00.000860000000,  72.00000,
,,,-00.000858000000,  72.00000,
,,,-00.000856000000,  72.00000,
,,,-00.000854000000,  72.00000,
,,,-00.000852000000,  72.00000,
,,,-00.000850000000,  72.00000,
,,,-00.000848000000,  72.00000,
,,,-00.000846000000,  72.00000,
,,,-00.000844000000,  72.00000,
,,,-00.000842000000,  74.00000,
,,,-00.000840000000,  72.00000,
,,,-00.000838000000,  72.00000,
,,,-00.000836000000,  72.00000,
,,,-00.000834000000,  72.00000,
,,,-00.000832000000,  72.00000,
,,,-00.000830000000,  72.00000,
,,,-00.000828000000,  72.00000,
,,,-00.000826000000,  72.00000,
,,,-00.000824000000,  74.00000,
,,,-00.000822000000,  74.00000,
,,,-00.000820000000,  72.00000,
,,,-00.000818000000,  72.00000,
,,,-00.000816000000,  72.00000,
,,,-00.000814000000,  72.00000,
,,,-00.000812000000,  74.00000,
,,,-00.000810000000,  72.00000,
,,,-00.000808000000,  74.00000,
,,,-00.000806000000,  72.00000,
,,,-00.000804000000,  74.00000,
,,,-00.000802000000,  74.00000,
,,,-00.000800000000,  74.00000,
,,,-00.000798000000,  72.00000,
,,,-00.000796000000,  72.00000,
,,,-00.000794000000,  74.00000,
,,,-00.000792000000,  74.00000,
,,,-00.000790000000,  72.00000,
,,,-00.000788000000,  72.00000,
,,,-00.000786000000,  74.00000,
,,,-00.000784000000,  74.00000,
,,,-00.000782000000,  74.00000,
,,,-00.000780000000,  72.00000,
,,,-00.000778000000,  74.00000,
,,,-00.000776000000,  74.00000,
,,,-00.000774000000,  74.00000,
,,,-00.000772000000,  74.00000,
,,,-00.000770000000,  74.00000,
,,,-00.000768000000,  74.00000,
,,,-00.000766000000,  74.00000,
,,,-00.000764000000,  72.00000,
,,,-00.000762000000,  74.00000,
,,,-00.000760000000,  74.00000,
,,,-00.000758000000,  74.00000,
,,,-00.000756000000,  74.00000,
,,,-00.000754000000,  72.00000,
,,,-00.000752000000,  74.00000,
,,,-00.000750000000,  74.00000,
,,,-00.000748000000,  72.00000,
,,,-00.000746000000,  74.00000,
,,,-00.000744000000,  74.00000,
,,,-00.000742000000,  74.00000,
,,,-00.000740000000,  74.00000,
,,,-00.000738000000,  74.00000,
,,,-00.000736000000,  72.00000,
,,,-00.000734000000,  74.00000,
,,,-00.000732000000,  74.00000,
,,,-00.000730000000,  74.00000,
,,,-00.000728000000,  74.00000,
,,,-00.000726000000,  74.00000,
,,,-00.000724000000,  74.00000,
,,,-00.000722000000,  74.00000,
,,,-00.000720000000,  74.00000,
,,,-00.000718000000,  74.00000,
,,,-00.000716000000,  74.00000,
,,,-00.000714000000,  74.00000,
,,,-00.000712000000,  74.00000,
,,,-00.000710000000,  74.00000,
,,,-00.000708000000,  74.00000,
,,,-00.000706000000,  74.00000,
,,,-00.000704000000,  74.00000,
,,,-00.000702000000,  74.00000,
,,,-00.000700000000,  74.00000,
,,,-00.000698000000,  74.00000,
,,,-00.000696000000,  74.00000,
,,,-00.000694000000,  74.00000,
,,,-00.000692000000,  74.00000,
,,,-00.000690000000,  74.00000,
,,,-00.000688000000,  74.00000,
,,,-00.000686000000,  74.00000,
,,,-00.000684000000,  74.00000,
,,,-00.000682000000,  74.00000,
,,,-00.000680000000,  74.00000,
,,,-00.000678000000,  74.00000,
,,,-00.000676000000,  76.00000,
,,,-00.000674000000,  74.00000,
,,,-00.000672000000,  74.00000,
,,,-00.000670000000,  74.00000,
,,,-00.000668000000,  74.00000,
,,,-00.000666000000,  76.00000,
,,,-00.000664000000,  74.00000,
,,,-00.000662000000,  74.00000,
,,,-00.000660000000,  74.00000,
,,,-00.000658000000,  74.00000,
,,,-00.000656000000,  74.00000,
,,,-00.000654000000,  74.00000,
,,,-00.000652000000,  74.00000,
,,,-00.000650000000,  76.00000,
,,,-00.000648000000,  74.00000,
,,,-00.000646000000,  74.00000,
,,,-00.000644000000,  74.00000,
,,,-00.000642000000,  76.00000,
,,,-00.000640000000,  74.00000,
,,,-00.000638000000,  74.00000,
,,,-00.000636000000,  74.00000,
,,,-00.000634000000,  74.00000,
,,,-00.000632000000,  74.00000,
,,,-00.000630000000,  74.00000,
,,,-00.000628000000,  74.00000,
,,,-00.000626000000,  74.00000,
,,,-00.000624000000,  74.00000,
,,,-00.000622000000,  74.00000,
,,,-00.000620000000,  74.00000,
,,,-00.000618000000,  76.00000,
,,,-00.000616000000,  74.00000,
,,,-00.000614000000,  74.00000,
,,,-00.000612000000,  76.00000,
,,,-00.000610000000,  74.00000,
,,,-00.000608000000,  74.00000,
,,,-00.000606000000,  74.00000,
,,,-00.000604000000,  76.00000,
,,,-00.000602000000,  74.00000,
,,,-00.000600000000,  74.00000,
,,,-00.000598000000,  74.00000,
,,,-00.000596000000,  76.00000,
,,,-00.000594000000,  74.00000,
,,,-00.000592000000,  74.00000,
,,,-00.000590000000,  74.00000,
,,,-00.000588000000,  74.00000,
,,,-00.000586000000,  76.00000,
,,,-00.000584000000,  76.00000,
,,,-00.000582000000,  76.00000,
,,,-00.000580000000,  76.00000,
,,,-00.000578000000,  74.00000,
,,,-00.000576000000,  76.00000,
,,,-00.000574000000,  74.00000,
,,,-00.000572000000,  74.00000,
,,,-00.000570000000,  74.00000,
,,,-00.000568000000,  76.00000,
,,,-00.000566000000,  76.00000,
,,,-00.000564000000,  74.00000,
,,,-00.000562000000,  76.00000,
,,,-00.000560000000,  76.00000,
,,,-00.000558000000,  76.00000,
,,,-00.000556000000,  76.00000,
,,,-00.000554000000,  76.00000,
,,,-00.000552000000,  76.00000,
,,,-00.000550000000,  76.00000,
,,,-00.000548000000,  76.00000,
,,,-00.000546000000,  76.00000,
,,,-00.000544000000,  76.00000,
,,,-00.000542000000,  76.00000,
,,,-00.000540000000,  76.00000,
,,,-00.000538000000,  76.00000,
,,,-00.000536000000,  76.00000,
,,,-00.000534000000,  76.00000,
,,,-00.000532000000,  76.00000,
,,,-00.000530000000,  74.00000,
,,,-00.000528000000,  76.00000,
,,,-00.000526000000,  76.00000,
,,,-00.000524000000,  76.00000,
,,,-00.000522000000,  76.00000,
,,,-00.000520000000,  76.00000,
,,,-00.000518000000,  76.00000,
,,,-00.000516000000,  76.00000,
,,,-00.000514000000,  76.00000,
,,,-00.000512000000,  76.00000,
,,,-00.000510000000,  76.00000,
,,,-00.000508000000,  76.00000,
,,,-00.000506000000,  76.00000,
,,,-00.000504000000,  76.00000,
,,,-00.000502000000,  76.00000,
,,,-00.000500000000,  76.00000,
,,,-00.000498000000,  76.00000,
,,,-00.000496000000,  76.00000,
,,,-00.000494000000,  76.00000,
,,,-00.000492000000,  76.00000,
,,,-00.000490000000,  76.00000,
,,,-00.000488000000,  76.00000,
,,,-00.000486000000,  76.00000,
,,,-00.000484000000,  76.00000,
,,,-00.000482000000,  76.00000,
,,,-00.000480000000,  76.00000,
,,,-00.000478000000,  76.00000,
,,,-00.000476000000,  76.00000,
,,,-00.000474000000,  76.00000,
,,,-00.000472000000,  76.00000,
,,,-00.000470000000,  76.00000,
,,,-00.000468000000,  76.00000,
,,,-00.000466000000,  76.00000,
,,,-00.000464000000,  76.00000,
,,,-00.000462000000,  76.00000,
,,,-00.000460000000,  76.00000,
,,,-00.000458000000,  76.00000,
,,,-00.000456000000,  76.00000,
,,,-00.000454000000,  76.00000,
,,,-00.000452000000,  76.00000,
,,,-00.000450000000,  76.00000,
,,,-00.000448000000,  76.00000,
,,,-00.000446000000,  76.00000,
,,,-00.000444000000,  76.00000,
,,,-00.000442000000,  76.00000,
,,,-00.000440000000,  76.00000,
,,,-00.000438000000,  76.00000,
,,,-00.000436000000,  76.00000,
,,,-00.000434000000,  76.00000,
,,,-00.000432000000,  76.00000,
,,,-00.000430000000,  76.00000,
,,,-00.000428000000,  76.00000,
,,,-00.000426000000,  76.00000,
,,,-00.000424000000,  76.00000,
,,,-00.000422000000,  76.00000,
,,,-00.000420000000,  76.00000,
,,,-00.000418000000,  76.00000,
,,,-00.000416000000,  76.00000,
,,,-00.000414000000,  76.00000,
,,,-00.000412000000,  76.00000,
,,,-00.000410000000,  76.00000,
,,,-00.000408000000,  76.00000,
,,,-00.000406000000,  76.00000,
,,,-00.000404000000,  76.00000,
,,,-00.000402000000,  76.00000,
,,,-00.000400000000,  76.00000,
,,,-00.000398000000,  76.00000,
,,,-00.000396000000,  76.00000,
,,,-00.000394000000,  76.00000,
,,,-00.000392000000,  76.00000,
,,,-00.000390000000,  76.00000,
,,,-00.000388000000,  76.00000,
,,,-00.000386000000,  76.00000,
,,,-00.000384000000,  76.00000,
,,,-00.000382000000,  76.00000,
,,,-00.000380000000,  76.00000,
,,,-00.000378000000,  76.00000,
,,,-00.000376000000,  76.00000,
,,,-00.000374000000,  76.00000,
,,,-00.000372000000,  76.00000,
,,,-00.000370000000,  76.00000,
,,,-00.000368000000,  78.00000,
,,,-00.000366000000,  76.00000,
,,,-00.000364000000,  76.00000,
,,,-00.000362000000,  76.00000,
,,,-00.000360000000,  76.00000,
,,,-00.000358000000,  76.00000,
,,,-00.000356000000,  76.00000,
,,,-00.000354000000,  76.00000,
,,,-00.000352000000,  76.00000,
,,,-00.000350000000,  76.00000,
,,,-00.000348000000,  76.00000,
,,,-00.000346000000,  76.00000,
,,,-00.000344000000,  76.00000,
,,,-00.000342000000,  76.00000,
,,,-00.000340000000,  76.00000,
,,,-00.000338000000,  76.00000,
,,,-00.000336000000,  76.00000,
,,,-00.000334000000,  76.00000,
,,,-00.000332000000,  78.00000,
,,,-00.000330000000,  76.00000,
,,,-00.000328000000,  76.00000,
,,,-00.000326000000,  76.00000,
,,,-00.000324000000,  76.00000,
,,,-00.000322000000,  78.00000,
,,,-00.000320000000,  76.00000,
,,,-00.000318000000,  76.00000,
,,,-00.000316000000,  76.00000,
,,,-00.000314000000,  76.00000,
,,,-00.000312000000,  76.00000,
,,,-00.000310000000,  78.00000,
,,,-00.000308000000,  78.00000,
,,,-00.000306000000,  76.00000,
,,,-00.000304000000,  76.00000,
,,,-00.000302000000,  78.00000,
,,,-00.000300000000,  76.00000,
,,,-00.000298000000,  76.00000,
,,,-00.000296000000,  76.00000,
,,,-00.000294000000,  78.00000,
,,,-00.000292000000,  76.00000,
,,,-00.000290000000,  76.00000,
,,,-00.000288000000,  76.00000,
,,,-00.000286000000,  78.00000,
,,,-00.000284000000,  78.00000,
,,,-00.000282000000,  76.00000,
,,,-00.000280000000,  78.00000,
,,,-00.000278000000,  78.00000,
,,,-00.000276000000,  78.00000,
,,,-00.000274000000,  78.00000,
,,,-00.000272000000,  76.00000,
,,,-00.000270000000,  78.00000,
,,,-00.000268000000,  76.00000,
,,,-00.000266000000,  78.00000,
,,,-00.000264000000,  78.00000,
,,,-00.000262000000,  78.00000,
,,,-00.000260000000,  78.00000,
,,,-00.000258000000,  78.00000,
,,,-00.000256000000,  78.00000,
,,,-00.000254000000,  78.00000,
,,,-00.000252000000,  78.00000,
,,,-00.000250000000,  78.00000,
,,,-00.000248000000,  78.00000,
,,,-00.000246000000,  78.00000,
,,,-00.000244000000,  78.00000,
,,,-00.000242000000,  78.00000,
,,,-00.000240000000,  78.00000,
,,,-00.000238000000,  78.00000,
,,,-00.000236000000,  78.00000,
,,,-00.000234000000,  78.00000,
,,,-00.000232000000,  78.00000,
,,,-00.000230000000,  78.00000,
,,,-00.000228000000,  78.00000,
,,,-00.000226000000,  78.00000,
,,,-00.000224000000,  76.00000,
,,,-00.000222000000,  78.00000,
,,,-00.000220000000,  78.00000,
,,,-00.000218000000,  78.00000,
,,,-00.000216000000,  78.00000,
,,,-00.000214000000,  78.00000,
,,,-00.000212000000,  78.00000,
,,,-00.000210000000,  78.00000,
,,,-00.000208000000,  78.00000,
,,,-00.000206000000,  78.00000,
,,,-00.000204000000,  78.00000,
,,,-00.000202000000,  78.00000,
,,,-00.000200000000,  78.00000,
,,,-00.000198000000,  78.00000,
,,,-00.000196000000,  78.00000,
,,,-00.000194000000,  78.00000,
,,,-00.000192000000,  78.00000,
,,,-00.000190000000,  78.00000,
,,,-00.000188000000,  78.00000,
,,,-00.000186000000,  78.00000,
,,,-00.000184000000,  78.00000,
,,,-00.000182000000,  78.00000,
,,,-00.000180000000,  78.00000,
,,,-00.000178000000,  78.00000,
,,,-00.000176000000,  78.00000,
,,,-00.000174000000,  78.00000,
,,,-00.000172000000,  78.00000,
,,,-00.000170000000,  78.00000,
,,,-00.000168000000,  78.00000,
,,,-00.000166000000,  78.00000,
,,,-00.000164000000,  78.00000,
,,,-00.000162000000,  78.00000,
,,,-00.000160000000,  78.00000,
,,,-00.000158000000,  78.00000,
,,,-00.000156000000,  78.00000,
,,,-00.000154000000,  78.00000,
,,,-00.000152000000,  78.00000,
,,,-00.000150000000,  78.00000,
,,,-00.000148000000,  78.00000,
,,,-00.000146000000,  78.00000,
,,,-00.000144000000,  78.00000,
,,,-00.000142000000,  78.00000,
,,,-00.000140000000,  78.00000,
,,,-00.000138000000,  78.00000,
,,,-00.000136000000,  78.00000,
,,,-00.000134000000,  80.00000,
,,,-00.000132000000,  78.00000,
,,,-00.000130000000,  78.00000,
,,,-00.000128000000,  78.00000,
,,,-00.000126000000,  80.00000,
,,,-00.000124000000,  80.00000,
,,,-00.000122000000,  78.00000,
,,,-00.000120000000,  78.00000,
,,,-00.000118000000,  78.00000,
,,,-00.000116000000,  78.00000,
,,,-00.000114000000,  78.00000,
,,,-00.000112000000,  78.00000,
,,,-00.000110000000,  78.00000,
,,,-00.000108000000,  78.00000,
,,,-00.000106000000,  80.00000,
,,,-00.000104000000,  78.00000,
,,,-00.000102000000,  80.00000,
,,,-00.000100000000,  80.00000,
,,,-00.000098000000,  78.00000,
,,,-00.000096000000,  80.00000,
,,,-00.000094000000,  80.00000,
,,,-00.000092000000,  80.00000,
,,,-00.000090000000,  80.00000,
,,,-00.000088000000,  78.00000,
,,,-00.000086000000,  80.00000,
,,,-00.000084000000,  78.00000,
,,,-00.000082000000,  80.00000,
,,,-00.000080000000,  78.00000,
,,,-00.000078000000,  78.00000,
,,,-00.000076000000,  80.00000,
,,,-00.000074000000,  80.00000,
,,,-00.000072000000,  78.00000,
,,,-00.000070000000,  80.00000,
,,,-00.000068000000,  78.00000,
,,,-00.000066000000,  78.00000,
,,,-00.000064000000,  80.00000,
,,,-00.000062000000,  78.00000,
,,,-00.000060000000,  78.00000,
,,,-00.000058000000,  80.00000,
,,,-00.000056000000,  80.00000,
,,,-00.000054000000,  80.00000,
,,,-00.000052000000,  80.00000,
,,,-00.000050000000,  80.00000,
,,,-00.000048000000,  80.00000,
,,,-00.000046000000,  80.00000,
,,,-00.000044000000,  80.00000,
,,,-00.000042000000,  80.00000,
,,,-00.000040000000,  78.00000,
,,,-00.000038000000,  78.00000,
,,,-00.000036000000,  80.00000,
,,,-00.000034000000,  80.00000,
,,,-00.000032000000,  80.00000,
,,,-00.000030000000,  80.00000,
,,,-00.000028000000,  80.00000,
,,,-00.000026000000,  80.00000,
,,,-00.000024000000,  80.00000,
,,,-00.000022000000,  78.00000,
,,,-00.000020000000,  80.00000,
,,,-00.000018000000,  80.00000,
,,,-00.000016000000,  80.00000,
,,,-00.000014000000,  80.00000,
,,,-00.000012000000,  80.00000,
,,,-00.000010000000,  80.00000,
,,,-00.000008000000,  80.00000,
,,,-00.000006000000,  78.00000,
,,,-00.000004000000,  78.00000,
,,,-00.000002000000,  80.00000,
,,,-00.000000000000,  80.00000,
,,,00.000002000000,  80.00000,
,,,00.000004000000,  80.00000,
,,,00.000006000000,  80.00000,
,,,00.000008000000,  80.00000,
,,,00.000010000000,  80.00000,
,,,00.000012000000,  80.00000,
,,,00.000014000000,  80.00000,
,,,00.000016000000,  80.00000,
,,,00.000018000000,  80.00000,
,,,00.000020000000,  80.00000,
,,,00.000022000000,  80.00000,
,,,00.000024000000,  80.00000,
,,,00.000026000000,  80.00000,
,,,00.000028000000,  80.00000,
,,,00.000030000000,  80.00000,
,,,00.000032000000,  80.00000,
,,,00.000034000000,  80.00000,
,,,00.000036000000,  80.00000,
,,,00.000038000000,  80.00000,
,,,00.000040000000,  80.00000,
,,,00.000042000000,  80.00000,
,,,00.000044000000,  80.00000,
,,,00.000046000000,  80.00000,
,,,00.000048000000,  80.00000,
,,,00.000050000000,  80.00000,
,,,00.000052000000,  80.00000,
,,,00.000054000000,  80.00000,
,,,00.000056000000,  80.00000,
,,,00.000058000000,  82.00000,
,,,00.000060000000,  80.00000,
,,,00.000062000000,  80.00000,
,,,00.000064000000,  80.00000,
,,,00.000066000000,  80.00000,
,,,00.000068000000,  82.00000,
,,,00.000070000000,  80.00000,
,,,00.000072000000,  80.00000,
,,,00.000074000000,  80.00000,
,,,00.000076000000,  80.00000,
,,,00.000078000000,  82.00000,
,,,00.000080000000,  80.00000,
,,,00.000082000000,  80.00000,
,,,00.000084000000,  80.00000,
,,,00.000086000000,  80.00000,
,,,00.000088000000,  82.00000,
,,,00.000090000000,  82.00000,
,,,00.000092000000,  82.00000,
,,,00.000094000000,  82.00000,
,,,00.000096000000,  80.00000,
,,,00.000098000000,  82.00000,
,,,00.000100000000,  80.00000,
,,,00.000102000000,  82.00000,
,,,00.000104000000,  82.00000,
,,,00.000106000000,  82.00000,
,,,00.000108000000,  82.00000,
,,,00.000110000000,  80.00000,
,,,00.000112000000,  82.00000,
,,,00.000114000000,  80.00000,
,,,00.000116000000,  82.00000,
,,,00.000118000000,  80.00000,
,,,00.000120000000,  82.00000,
,,,00.000122000000,  82.00000,
,,,00.000124000000,  82.00000,
,,,00.000126000000,  82.00000,
,,,00.000128000000,  82.00000,
,,,00.000130000000,  82.00000,
,,,00.000132000000,  82.00000,
,,,00.000134000000,  82.00000,
,,,00.000136000000,  82.00000,
,,,00.000138000000,  82.00000,
,,,00.000140000000,  82.00000,
,,,00.000142000000,  82.00000,
,,,00.000144000000,  82.00000,
,,,00.000146000000,  80.00000,
,,,00.000148000000,  82.00000,
,,,00.000150000000,  82.00000,
,,,00.000152000000,  82.00000,
,,,00.000154000000,  80.00000,
,,,00.000156000000,  82.00000,
,,,00.000158000000,  82.00000,
,,,00.000160000000,  80.00000,
,,,00.000162000000,  82.00000,
,,,00.000164000000,  82.00000,
,,,00.000166000000,  82.00000,
,,,00.000168000000,  82.00000,
,,,00.000170000000,  82.00000,
,,,00.000172000000,  82.00000,
,,,00.000174000000,  82.00000,
,,,00.000176000000,  82.00000,
,,,00.000178000000,  82.00000,
,,,00.000180000000,  82.00000,
,,,00.000182000000,  82.00000,
,,,00.000184000000,  82.00000,
,,,00.000186000000,  82.00000,
,,,00.000188000000,  82.00000,
,,,00.000190000000,  82.00000,
,,,00.000192000000,  82.00000,
,,,00.000194000000,  82.00000,
,,,00.000196000000,  82.00000,
,,,00.000198000000,  82.00000,
,,,00.000200000000,  82.00000,
,,,00.000202000000,  82.00000,
,,,00.000204000000,  82.00000,
,,,00.000206000000,  82.00000,
,,,00.000208000000,  82.00000,
,,,00.000210000000,  82.00000,
,,,00.000212000000,  82.00000,
,,,00.000214000000,  82.00000,
,,,00.000216000000,  82.00000,
,,,00.000218000000,  82.00000,
,,,00.000220000000,  82.00000,
,,,00.000222000000,  82.00000,
,,,00.000224000000,  82.00000,
,,,00.000226000000,  82.00000,
,,,00.000228000000,  82.00000,
,,,00.000230000000,  82.00000,
,,,00.000232000000,  82.00000,
,,,00.000234000000,  82.00000,
,,,00.000236000000,  82.00000,
,,,00.000238000000,  82.00000,
,,,00.000240000000,  82.00000,
,,,00.000242000000,  82.00000,
,,,00.000244000000,  82.00000,
,,,00.000246000000,  82.00000,
,,,00.000248000000,  82.00000,
,,,00.000250000000,  82.00000,
,,,00.000252000000,  82.00000,
,,,00.000254000000,  82.00000,
,,,00.000256000000,  82.00000,
,,,00.000258000000,  82.00000,
,,,00.000260000000,  82.00000,
,,,00.000262000000,  82.00000,
,,,00.000264000000,  82.00000,
,,,00.000266000000,  82.00000,
,,,00.000268000000,  82.00000,
,,,00.000270000000,  82.00000,
,,,00.000272000000,  82.00000,
,,,00.000274000000,  82.00000,
,,,00.000276000000,  82.00000,
,,,00.000278000000,  82.00000,
,,,00.000280000000,  82.00000,
,,,00.000282000000,  82.00000,
,,,00.000284000000,  82.00000,
,,,00.000286000000,  82.00000,
,,,00.000288000000,  82.00000,
,,,00.000290000000,  82.00000,
,,,00.000292000000,  82.00000,
,,,00.000294000000,  82.00000,
,,,00.000296000000,  82.00000,
,,,00.000298000000,  82.00000,
,,,00.000300000000,  82.00000,
,,,00.000302000000,  82.00000,
,,,00.000304000000,  82.00000,
,,,00.000306000000,  82.00000,
,,,00.000308000000,  82.00000,
,,,00.000310000000,  84.00000,
,,,00.000312000000,  82.00000,
,,,00.000314000000,  82.00000,
,,,00.000316000000,  82.00000,
,,,00.000318000000,  82.00000,
,,,00.000320000000,  82.00000,
,,,00.000322000000,  82.00000,
,,,00.000324000000,  84.00000,
,,,00.000326000000,  82.00000,
,,,00.000328000000,  82.00000,
,,,00.000330000000,  82.00000,
,,,00.000332000000,  82.00000,
,,,00.000334000000,  82.00000,
,,,00.000336000000,  82.00000,
,,,00.000338000000,  84.00000,
,,,00.000340000000,  82.00000,
,,,00.000342000000,  82.00000,
,,,00.000344000000,  84.00000,
,,,00.000346000000,  84.00000,
,,,00.000348000000,  84.00000,
,,,00.000350000000,  82.00000,
,,,00.000352000000,  82.00000,
,,,00.000354000000,  84.00000,
,,,00.000356000000,  84.00000,
,,,00.000358000000,  82.00000,
,,,00.000360000000,  84.00000,
,,,00.000362000000,  82.00000,
,,,00.000364000000,  84.00000,
,,,00.000366000000,  82.00000,
,,,00.000368000000,  84.00000,
,,,00.000370000000,  84.00000,
,,,00.000372000000,  84.00000,
,,,00.000374000000,  84.00000,
,,,00.000376000000,  82.00000,
,,,00.000378000000,  84.00000,
,,,00.000380000000,  82.00000,
,,,00.000382000000,  84.00000,
,,,00.000384000000,  84.00000,
,,,00.000386000000,  84.00000,
,,,00.000388000000,  84.00000,
,,,00.000390000000,  84.00000,
,,,00.000392000000,  84.00000,
,,,00.000394000000,  84.00000,
,,,00.000396000000,  84.00000,
,,,00.000398000000,  84.00000,
,,,00.000400000000,  84.00000,
,,,00.000402000000,  84.00000,
,,,00.000404000000,  82.00000,
,,,00.000406000000,  84.00000,
,,,00.000408000000,  84.00000,
,,,00.000410000000,  84.00000,
,,,00.000412000000,  84.00000,
,,,00.000414000000,  84.00000,
,,,00.000416000000,  84.00000,
,,,00.000418000000,  84.00000,
,,,00.000420000000,  84.00000,
,,,00.000422000000,  82.00000,
,,,00.000424000000,  84.00000,
,,,00.000426000000,  84.00000,
,,,00.000428000000,  84.00000,
,,,00.000430000000,  84.00000,
,,,00.000432000000,  84.00000,
,,,00.000434000000,  84.00000,
,,,00.000436000000,  84.00000,
,,,00.000438000000,  84.00000,
,,,00.000440000000,  84.00000,
,,,00.000442000000,  84.00000,
,,,00.000444000000,  84.00000,
,,,00.000446000000,  84.00000,
,,,00.000448000000,  84.00000,
,,,00.000450000000,  84.00000,
,,,00.000452000000,  82.00000,
,,,00.000454000000,  84.00000,
,,,00.000456000000,  84.00000,
,,,00.000458000000,  84.00000,
,,,00.000460000000,  84.00000,
,,,00.000462000000,  84.00000,
,,,00.000464000000,  84.00000,
,,,00.000466000000,  84.00000,
,,,00.000468000000,  84.00000,
,,,00.000470000000,  84.00000,
,,,00.000472000000,  84.00000,
,,,00.000474000000,  84.00000,
,,,00.000476000000,  84.00000,
,,,00.000478000000,  84.00000,
,,,00.000480000000,  84.00000,
,,,00.000482000000,  84.00000,
,,,00.000484000000,  84.00000,
,,,00.000486000000,  84.00000,
,,,00.000488000000,  84.00000,
,,,00.000490000000,  84.00000,
,,,00.000492000000,  84.00000,
,,,00.000494000000,  84.00000,
,,,00.000496000000,  84.00000,
,,,00.000498000000,  84.00000,
,,,00.000500000000,  84.00000,
,,,00.000502000000,  84.00000,
,,,00.000504000000,  84.00000,
,,,00.000506000000,  86.00000,
,,,00.000508000000,  84.00000,
,,,00.000510000000,  84.00000,
,,,00.000512000000,  84.00000,
,,,00.000514000000,  84.00000,
,,,00.000516000000,  84.00000,
,,,00.000518000000,  84.00000,
,,,00.000520000000,  84.00000,
,,,00.000522000000,  84.00000,
,,,00.000524000000,  84.00000,
,,,00.000526000000,  84.00000,
,,,00.000528000000,  84.00000,
,,,00.000530000000,  84.00000,
,,,00.000532000000,  86.00000,
,,,00.000534000000,  86.00000,
,,,00.000536000000,  86.00000,
,,,00.000538000000,  84.00000,
,,,00.000540000000,  84.00000,
,,,00.000542000000,  86.00000,
,,,00.000544000000,  84.00000,
,,,00.000546000000,  86.00000,
,,,00.000548000000,  86.00000,
,,,00.000550000000,  84.00000,
,,,00.000552000000,  84.00000,
,,,00.000554000000,  84.00000,
,,,00.000556000000,  86.00000,
,,,00.000558000000,  84.00000,
,,,00.000560000000,  84.00000,
,,,00.000562000000,  86.00000,
,,,00.000564000000,  86.00000,
,,,00.000566000000,  84.00000,
,,,00.000568000000,  86.00000,
,,,00.000570000000,  86.00000,
,,,00.000572000000,  86.00000,
,,,00.000574000000,  86.00000,
,,,00.000576000000,  84.00000,
,,,00.000578000000,  84.00000,
,,,00.000580000000,  86.00000,
,,,00.000582000000,  86.00000,
,,,00.000584000000,  84.00000,
,,,00.000586000000,  86.00000,
,,,00.000588000000,  84.00000,
,,,00.000590000000,  86.00000,
,,,00.000592000000,  86.00000,
,,,00.000594000000,  86.00000,
,,,00.000596000000,  86.00000,
,,,00.000598000000,  86.00000,
,,,00.000600000000,  86.00000,
,,,00.000602000000,  86.00000,
,,,00.000604000000,  86.00000,
,,,00.000606000000,  86.00000,
,,,00.000608000000,  86.00000,
,,,00.000610000000,  86.00000,
,,,00.000612000000,  86.00000,
,,,00.000614000000,  86.00000,
,,,00.000616000000,  86.00000,
,,,00.000618000000,  86.00000,
,,,00.000620000000,  86.00000,
,,,00.000622000000,  86.00000,
,,,00.000624000000,  86.00000,
,,,00.000626000000,  86.00000,
,,,00.000628000000,  86.00000,
,,,00.000630000000,  86.00000,
,,,00.000632000000,  86.00000,
,,,00.000634000000,  86.00000,
,,,00.000636000000,  86.00000,
,,,00.000638000000,  86.00000,
,,,00.000640000000,  86.00000,
,,,00.000642000000,  86.00000,
,,,00.000644000000,  86.00000,
,,,00.000646000000,  86.00000,
,,,00.000648000000,  86.00000,
,,,00.000650000000,  86.00000,
,,,00.000652000000,  86.00000,
,,,00.000654000000,  86.00000,
,,,00.000656000000,  86.00000,
,,,00.000658000000,  86.00000,
,,,00.000660000000,  86.00000,
,,,00.000662000000,  86.00000,
,,,00.000664000000,  86.00000,
,,,00.000666000000,  86.00000,
,,,00.000668000000,  86.00000,
,,,00.000670000000,  86.00000,
,,,00.000672000000,  86.00000,
,,,00.000674000000,  86.00000,
,,,00.000676000000,  86.00000,
,,,00.000678000000,  86.00000,
,,,00.000680000000,  86.00000,
,,,00.000682000000,  86.00000,
,,,00.000684000000,  88.00000,
,,,00.000686000000,  86.00000,
,,,00.000688000000,  86.00000,
,,,00.000690000000,  86.00000,
,,,00.000692000000,  86.00000,
,,,00.000694000000,  86.00000,
,,,00.000696000000,  86.00000,
,,,00.000698000000,  86.00000,
,,,00.000700000000,  86.00000,
,,,00.000702000000,  86.00000,
,,,00.000704000000,  88.00000,
,,,00.000706000000,  86.00000,
,,,00.000708000000,  88.00000,
,,,00.000710000000,  86.00000,
,,,00.000712000000,  86.00000,
,,,00.000714000000,  88.00000,
,,,00.000716000000,  86.00000,
,,,00.000718000000,  86.00000,
,,,00.000720000000,  88.00000,
,,,00.000722000000,  86.00000,
,,,00.000724000000,  88.00000,
,,,00.000726000000,  88.00000,
,,,00.000728000000,  86.00000,
,,,00.000730000000,  88.00000,
,,,00.000732000000,  86.00000,
,,,00.000734000000,  86.00000,
,,,00.000736000000,  86.00000,
,,,00.000738000000,  86.00000,
,,,00.000740000000,  86.00000,
,,,00.000742000000,  88.00000,
,,,00.000744000000,  88.00000,
,,,00.000746000000,  88.00000,
,,,00.000748000000,  86.00000,
,,,00.000750000000,  88.00000,
,,,00.000752000000,  88.00000,
,,,00.000754000000,  88.00000,
,,,00.000756000000,  88.00000,
,,,00.000758000000,  88.00000,
,,,00.000760000000,  88.00000,
,,,00.000762000000,  88.00000,
,,,00.000764000000,  88.00000,
,,,00.000766000000,  88.00000,
,,,00.000768000000,  88.00000,
,,,00.000770000000,  88.00000,
,,,00.000772000000,  86.00000,
,,,00.000774000000,  88.00000,
,,,00.000776000000,  88.00000,
,,,00.000778000000,  88.00000,
,,,00.000780000000,  88.00000,
,,,00.000782000000,  88.00000,
,,,00.000784000000,  88.00000,
,,,00.000786000000,  88.00000,
,,,00.000788000000,  88.00000,
,,,00.000790000000,  88.00000,
,,,00.000792000000,  88.00000,
,,,00.000794000000,  88.00000,
,,,00.000796000000,  88.00000,
,,,00.000798000000,  88.00000,
,,,00.000800000000,  88.00000,
,,,00.000802000000,  88.00000,
,,,00.000804000000,  88.00000,
,,,00.000806000000,  88.00000,
,,,00.000808000000,  88.00000,
,,,00.000810000000,  88.00000,
,,,00.000812000000,  88.00000,
,,,00.000814000000,  88.00000,
,,,00.000816000000,  88.00000,
,,,00.000818000000,  88.00000,
,,,00.000820000000,  88.00000,
,,,00.000822000000,  88.00000,
,,,00.000824000000,  88.00000,
,,,00.000826000000,  88.00000,
,,,00.000828000000,  88.00000,
,,,00.000830000000,  88.00000,
,,,00.000832000000,  88.00000,
,,,00.000834000000,  88.00000,
,,,00.000836000000,  88.00000,
,,,00.000838000000,  88.00000,
,,,00.000840000000,  88.00000,
,,,00.000842000000,  88.00000,
,,,00.000844000000,  88.00000,
,,,00.000846000000,  88.00000,
,,,00.000848000000,  88.00000,
,,,00.000850000000,  88.00000,
,,,00.000852000000,  88.00000,
,,,00.000854000000,  88.00000,
,,,00.000856000000,  88.00000,
,,,00.000858000000,  88.00000,
,,,00.000860000000,  88.00000,
,,,00.000862000000,  88.00000,
,,,00.000864000000,  88.00000,
,,,00.000866000000,  88.00000,
,,,00.000868000000,  88.00000,
,,,00.000870000000,  88.00000,
,,,00.000872000000,  88.00000,
,,,00.000874000000,  88.00000,
,,,00.000876000000,  88.00000,
,,,00.000878000000,  88.00000,
,,,00.000880000000,  88.00000,
,,,00.000882000000,  88.00000,
,,,00.000884000000,  88.00000,
,,,00.000886000000,  88.00000,
,,,00.000888000000,  88.00000,
,,,00.000890000000,  88.00000,
,,,00.000892000000,  88.00000,
,,,00.000894000000,  88.00000,
,,,00.000896000000,  88.00000,
,,,00.000898000000,  88.00000,
,,,00.000900000000,  88.00000,
,,,00.000902000000,  88.00000,
,,,00.000904000000,  88.00000,
,,,00.000906000000,  88.00000,
,,,00.000908000000,  88.00000,
,,,00.000910000000,  88.00000,
,,,00.000912000000,  88.00000,
,,,00.000914000000,  88.00000,
,,,00.000916000000,  88.00000,
,,,00.000918000000,  88.00000,
,,,00.000920000000,  88.00000,
,,,00.000922000000,  88.00000,
,,,00.000924000000,  88.00000,
,,,00.000926000000,  88.00000,
,,,00.000928000000,  88.00000,
,,,00.000930000000,  88.00000,
,,,00.000932000000,  88.00000,
,,,00.000934000000,  88.00000,
,,,00.000936000000,  88.00000,
,,,00.000938000000,  88.00000,
,,,00.000940000000,  90.00000,
,,,00.000942000000,  88.00000,
,,,00.000944000000,  88.00000,
,,,00.000946000000,  90.00000,
,,,00.000948000000,  88.00000,
,,,00.000950000000,  88.00000,
,,,00.000952000000,  88.00000,
,,,00.000954000000,  88.00000,
,,,00.000956000000,  88.00000,
,,,00.000958000000,  88.00000,
,,,00.000960000000,  88.00000,
,,,00.000962000000,  88.00000,
,,,00.000964000000,  88.00000,
,,,00.000966000000,  90.00000,
,,,00.000968000000,  90.00000,
,,,00.000970000000,  88.00000,
,,,00.000972000000,  88.00000,
,,,00.000974000000,  88.00000,
,,,00.000976000000,  88.00000,
,,,00.000978000000,  90.00000,
,,,00.000980000000,  90.00000,
,,,00.000982000000,  90.00000,
,,,00.000984000000,  88.00000,
,,,00.000986000000,  90.00000,
,,,00.000988000000,  90.00000,
,,,00.000990000000,  90.00000,
,,,00.000992000000,  90.00000,
,,,00.000994000000,  88.00000,
,,,00.000996000000,  88.00000,
,,,00.000998000000,  90.00000,
,,,00.001000000000,  90.00000,
,,,00.001002000000,  90.00000,
,,,00.001004000000,  88.00000,
,,,00.001006000000,  90.00000,
,,,00.001008000000,  88.00000,
,,,00.001010000000,  90.00000,
,,,00.001012000000,  90.00000,
,,,00.001014000000,  90.00000,
,,,00.001016000000,  90.00000,
,,,00.001018000000,  88.00000,
,,,00.001020000000,  90.00000,
,,,00.001022000000,  90.00000,
,,,00.001024000000,  88.00000,
,,,00.001026000000,  88.00000,
,,,00.001028000000,  88.00000,
,,,00.001030000000,  88.00000,
,,,00.001032000000,  90.00000,
,,,00.001034000000,  90.00000,
,,,00.001036000000,  90.00000,
,,,00.001038000000,  90.00000,
,,,00.001040000000,  90.00000,
,,,00.001042000000,  90.00000,
,,,00.001044000000,  90.00000,
,,,00.001046000000,  90.00000,
,,,00.001048000000,  90.00000,
,,,00.001050000000,  90.00000,
,,,00.001052000000,  90.00000,
,,,00.001054000000,  90.00000,
,,,00.001056000000,  90.00000,
,,,00.001058000000,  90.00000,
,,,00.001060000000,  90.00000,
,,,00.001062000000,  90.00000,
,,,00.001064000000,  90.00000,
,,,00.001066000000,  90.00000,
,,,00.001068000000,  90.00000,
,,,00.001070000000,  90.00000,
,,,00.001072000000,  90.00000,
,,,00.001074000000,  90.00000,
,,,00.001076000000,  90.00000,
,,,00.001078000000,  90.00000,
,,,00.001080000000,  90.00000,
,,,00.001082000000,  90.00000,
,,,00.001084000000,  90.00000,
,,,00.001086000000,  90.00000,
,,,00.001088000000,  90.00000,
,,,00.001090000000,  90.00000,
,,,00.001092000000,  90.00000,
,,,00.001094000000,  90.00000,
,,,00.001096000000,  90.00000,
,,,00.001098000000,  90.00000,
,,,00.001100000000,  90.00000,
,,,00.001102000000,  90.00000,
,,,00.001104000000,  90.00000,
,,,00.001106000000,  90.00000,
,,,00.001108000000,  90.00000,
,,,00.001110000000,  90.00000,
,,,00.001112000000,  90.00000,
,,,00.001114000000,  90.00000,
,,,00.001116000000,  90.00000,
,,,00.001118000000,  92.00000,
,,,00.001120000000,  90.00000,
,,,00.001122000000,  90.00000,
,,,00.001124000000,  90.00000,
,,,00.001126000000,  90.00000,
,,,00.001128000000,  90.00000,
,,,00.001130000000,  90.00000,
,,,00.001132000000,  90.00000,
,,,00.001134000000,  92.00000,
,,,00.001136000000,  92.00000,
,,,00.001138000000,  92.00000,
,,,00.001140000000,  90.00000,
,,,00.001142000000,  90.00000,
,,,00.001144000000,  90.00000,
,,,00.001146000000,  90.00000,
,,,00.001148000000,  92.00000,
,,,00.001150000000,  90.00000,
,,,00.001152000000,  90.00000,
,,,00.001154000000,  90.00000,
,,,00.001156000000,  90.00000,
,,,00.001158000000,  90.00000,
,,,00.001160000000,  90.00000,
,,,00.001162000000,  90.00000,
,,,00.001164000000,  90.00000,
,,,00.001166000000,  90.00000,
,,,00.001168000000,  90.00000,
,,,00.001170000000,  90.00000,
,,,00.001172000000,  92.00000,
,,,00.001174000000,  90.00000,
,,,00.001176000000,  92.00000,
,,,00.001178000000,  92.00000,
,,,00.001180000000,  90.00000,
,,,00.001182000000,  92.00000,
,,,00.001184000000,  90.00000,
,,,00.001186000000,  92.00000,
,,,00.001188000000,  92.00000,
,,,00.001190000000,  94.00000,
,,,00.001192000000,  92.00000,
,,,00.001194000000,  92.00000,
,,,00.001196000000,  90.00000,
,,,00.001198000000,  92.00000,
,,,00.001200000000,  90.00000,
,,,00.001202000000,  90.00000,
,,,00.001204000000,  92.00000,
,,,00.001206000000,  92.00000,
,,,00.001208000000,  92.00000,
,,,00.001210000000,  90.00000,
,,,00.001212000000,  92.00000,
,,,00.001214000000,  90.00000,
,,,00.001216000000,  92.00000,
,,,00.001218000000,  92.00000,
,,,00.001220000000,  90.00000,
,,,00.001222000000,  92.00000,
,,,00.001224000000,  92.00000,
,,,00.001226000000,  92.00000,
,,,00.001228000000,  92.00000,
,,,00.001230000000,  92.00000,
,,,00.001232000000,  92.00000,
,,,00.001234000000,  92.00000,
,,,00.001236000000,  92.00000,
,,,00.001238000000,  92.00000,
,,,00.001240000000,  92.00000,
,,,00.001242000000,  92.00000,
,,,00.001244000000,  92.00000,
,,,00.001246000000,  92.00000,
,,,00.001248000000,  92.00000,
,,,00.001250000000,  92.00000,
,,,00.001252000000,  92.00000,
,,,00.001254000000,  92.00000,
,,,00.001256000000,  92.00000,
,,,00.001258000000,  92.00000,
,,,00.001260000000,  92.00000,
,,,00.001262000000,  92.00000,
,,,00.001264000000,  92.00000,
,,,00.001266000000,  92.00000,
,,,00.001268000000,  92.00000,
,,,00.001270000000,  92.00000,
,,,00.001272000000,  92.00000,
,,,00.001274000000,  92.00000,
,,,00.001276000000,  92.00000,
,,,00.001278000000,  92.00000,
,,,00.001280000000,  92.00000,
,,,00.001282000000,  92.00000,
,,,00.001284000000,  92.00000,
,,,00.001286000000,  92.00000,
,,,00.001288000000,  92.00000,
,,,00.001290000000,  92.00000,
,,,00.001292000000,  92.00000,
,,,00.001294000000,  92.00000,
,,,00.001296000000,  92.00000,
,,,00.001298000000,  92.00000,
,,,00.001300000000,  92.00000,
,,,00.001302000000,  92.00000,
,,,00.001304000000,  92.00000,
,,,00.001306000000,  92.00000,
,,,00.001308000000,  92.00000,
,,,00.001310000000,  92.00000,
,,,00.001312000000,  92.00000,
,,,00.001314000000,  92.00000,
,,,00.001316000000,  92.00000,
,,,00.001318000000,  92.00000,
,,,00.001320000000,  94.00000,
,,,00.001322000000,  94.00000,
,,,00.001324000000,  92.00000,
,,,00.001326000000,  92.00000,
,,,00.001328000000,  92.00000,
,,,00.001330000000,  92.00000,
,,,00.001332000000,  92.00000,
,,,00.001334000000,  92.00000,
,,,00.001336000000,  94.00000,
,,,00.001338000000,  92.00000,
,,,00.001340000000,  94.00000,
,,,00.001342000000,  94.00000,
,,,00.001344000000,  92.00000,
,,,00.001346000000,  92.00000,
,,,00.001348000000,  94.00000,
,,,00.001350000000,  94.00000,
,,,00.001352000000,  92.00000,
,,,00.001354000000,  94.00000,
,,,00.001356000000,  94.00000,
,,,00.001358000000,  94.00000,
,,,00.001360000000,  92.00000,
,,,00.001362000000,  92.00000,
,,,00.001364000000,  92.00000,
,,,00.001366000000,  94.00000,
,,,00.001368000000,  92.00000,
,,,00.001370000000,  92.00000,
,,,00.001372000000,  94.00000,
,,,00.001374000000,  94.00000,
,,,00.001376000000,  94.00000,
,,,00.001378000000,  94.00000,
,,,00.001380000000,  92.00000,
,,,00.001382000000,  92.00000,
,,,00.001384000000,  94.00000,
,,,00.001386000000,  94.00000,
,,,00.001388000000,  92.00000,
,,,00.001390000000,  92.00000,
,,,00.001392000000,  92.00000,
,,,00.001394000000,  92.00000,
,,,00.001396000000,  94.00000,
,,,00.001398000000,  94.00000,
,,,00.001400000000,  92.00000,
,,,00.001402000000,  94.00000,
,,,00.001404000000,  94.00000,
,,,00.001406000000,  94.00000,
,,,00.001408000000,  94.00000,
,,,00.001410000000,  92.00000,
,,,00.001412000000,  94.00000,
,,,00.001414000000,  94.00000,
,,,00.001416000000,  94.00000,
,,,00.001418000000,  94.00000,
,,,00.001420000000,  92.00000,
,,,00.001422000000,  94.00000,
,,,00.001424000000,  92.00000,
,,,00.001426000000,  92.00000,
,,,00.001428000000,  92.00000,
,,,00.001430000000,  94.00000,
,,,00.001432000000,  94.00000,
,,,00.001434000000,  94.00000,
,,,00.001436000000,  92.00000,
,,,00.001438000000,  94.00000,
,,,00.001440000000,  94.00000,
,,,00.001442000000,  94.00000,
,,,00.001444000000,  94.00000,
,,,00.001446000000,  94.00000,
,,,00.001448000000,  94.00000,
,,,00.001450000000,  94.00000,
,,,00.001452000000,  94.00000,
,,,00.001454000000,  94.00000,
,,,00.001456000000,  94.00000,
,,,00.001458000000,  94.00000,
,,,00.001460000000,  94.00000,
,,,00.001462000000,  94.00000,
,,,00.001464000000,  94.00000,
,,,00.001466000000,  94.00000,
,,,00.001468000000,  94.00000,
,,,00.001470000000,  94.00000,
,,,00.001472000000,  94.00000,
,,,00.001474000000,  94.00000,
,,,00.001476000000,  94.00000,
,,,00.001478000000,  94.00000,
,,,00.001480000000,  94.00000,
,,,00.001482000000,  94.00000,
,,,00.001484000000,  94.00000,
,,,00.001486000000,  94.00000,
,,,00.001488000000,  94.00000,
,,,00.001490000000,  94.00000,
,,,00.001492000000,  94.00000,
,,,00.001494000000,  94.00000,
,,,00.001496000000,  94.00000,
,,,00.001498000000,  94.00000,
,,,00.001500000000,  94.00000,
,,,00.001502000000,  94.00000,
,,,00.001504000000,  94.00000,
,,,00.001506000000,  94.00000,
,,,00.001508000000,  94.00000,
,,,00.001510000000,  94.00000,
,,,00.001512000000,  94.00000,
,,,00.001514000000,  94.00000,
,,,00.001516000000,  94.00000,
,,,00.001518000000,  94.00000,
,,,00.001520000000,  94.00000,
,,,00.001522000000,  94.00000,
,,,00.001524000000,  94.00000,
,,,00.001526000000,  94.00000,
,,,00.001528000000,  94.00000,
,,,00.001530000000,  94.00000,
,,,00.001532000000,  94.00000,
,,,00.001534000000,  94.00000,
,,,00.001536000000,  94.00000,
,,,00.001538000000,  94.00000,
,,,00.001540000000,  94.00000,
,,,00.001542000000,  94.00000,
,,,00.001544000000,  94.00000,
,,,00.001546000000,  94.00000,
,,,00.001548000000,  94.00000,
,,,00.001550000000,  94.00000,
,,,00.001552000000,  94.00000,
,,,00.001554000000,  94.00000,
,,,00.001556000000,  94.00000,
,,,00.001558000000,  94.00000,
,,,00.001560000000,  94.00000,
,,,00.001562000000,  94.00000,
,,,00.001564000000,  94.00000,
,,,00.001566000000,  94.00000,
,,,00.001568000000,  94.00000,
,,,00.001570000000,  94.00000,
,,,00.001572000000,  94.00000,
,,,00.001574000000,  94.00000,
,,,00.001576000000,  94.00000,
,,,00.001578000000,  94.00000,
,,,00.001580000000,  94.00000,
,,,00.001582000000,  94.00000,
,,,00.001584000000,  94.00000,
,,,00.001586000000,  94.00000,
,,,00.001588000000,  94.00000,
,,,00.001590000000,  94.00000,
,,,00.001592000000,  94.00000,
,,,00.001594000000,  94.00000,
,,,00.001596000000,  94.00000,
,,,00.001598000000,  96.00000,
,,,00.001600000000,  94.00000,
,,,00.001602000000,  94.00000,
,,,00.001604000000,  94.00000,
,,,00.001606000000,  94.00000,
,,,00.001608000000,  94.00000,
,,,00.001610000000,  94.00000,
,,,00.001612000000,  94.00000,
,,,00.001614000000,  94.00000,
,,,00.001616000000,  94.00000,
,,,00.001618000000,  94.00000,
,,,00.001620000000,  94.00000,
,,,00.001622000000,  94.00000,
,,,00.001624000000,  94.00000,
,,,00.001626000000,  94.00000,
,,,00.001628000000,  94.00000,
,,,00.001630000000,  94.00000,
,,,00.001632000000,  96.00000,
,,,00.001634000000,  94.00000,
,,,00.001636000000,  96.00000,
,,,00.001638000000,  94.00000,
,,,00.001640000000,  96.00000,
,,,00.001642000000,  94.00000,
,,,00.001644000000,  94.00000,
,,,00.001646000000,  96.00000,
,,,00.001648000000,  94.00000,
,,,00.001650000000,  94.00000,
,,,00.001652000000,  96.00000,
,,,00.001654000000,  94.00000,
,,,00.001656000000,  94.00000,
,,,00.001658000000,  94.00000,
,,,00.001660000000,  94.00000,
,,,00.001662000000,  96.00000,
,,,00.001664000000,  96.00000,
,,,00.001666000000,  94.00000,
,,,00.001668000000,  94.00000,
,,,00.001670000000,  96.00000,
,,,00.001672000000,  94.00000,
,,,00.001674000000,  96.00000,
,,,00.001676000000,  96.00000,
,,,00.001678000000,  94.00000,
,,,00.001680000000,  96.00000,
,,,00.001682000000,  96.00000,
,,,00.001684000000,  96.00000,
,,,00.001686000000,  94.00000,
,,,00.001688000000,  94.00000,
,,,00.001690000000,  96.00000,
,,,00.001692000000,  96.00000,
,,,00.001694000000,  96.00000,
,,,00.001696000000,  96.00000,
,,,00.001698000000,  94.00000,
,,,00.001700000000,  94.00000,
,,,00.001702000000,  96.00000,
,,,00.001704000000,  96.00000,
,,,00.001706000000,  96.00000,
,,,00.001708000000,  96.00000,
,,,00.001710000000,  96.00000,
,,,00.001712000000,  96.00000,
,,,00.001714000000,  94.00000,
,,,00.001716000000,  96.00000,
,,,00.001718000000,  96.00000,
,,,00.001720000000,  94.00000,
,,,00.001722000000,  96.00000,
,,,00.001724000000,  96.00000,
,,,00.001726000000,  94.00000,
,,,00.001728000000,  94.00000,
,,,00.001730000000,  94.00000,
,,,00.001732000000,  96.00000,
,,,00.001734000000,  96.00000,
,,,00.001736000000,  96.00000,
,,,00.001738000000,  96.00000,
,,,00.001740000000,  96.00000,
,,,00.001742000000,  96.00000,
,,,00.001744000000,  96.00000,
,,,00.001746000000,  96.00000,
,,,00.001748000000,  96.00000,
,,,00.001750000000,  96.00000,
,,,00.001752000000,  96.00000,
,,,00.001754000000,  96.00000,
,,,00.001756000000,  96.00000,
,,,00.001758000000,  96.00000,
,,,00.001760000000,  96.00000,
,,,00.001762000000,  96.00000,
,,,00.001764000000,  96.00000,
,,,00.001766000000,  96.00000,
,,,00.001768000000,  96.00000,
,,,00.001770000000,  96.00000,
,,,00.001772000000,  96.00000,
,,,00.001774000000,  96.00000,
,,,00.001776000000,  96.00000,
,,,00.001778000000,  96.00000,
,,,00.001780000000,  96.00000,
,,,00.001782000000,  96.00000,
,,,00.001784000000,  96.00000,
,,,00.001786000000,  96.00000,
,,,00.001788000000,  96.00000,
,,,00.001790000000,  96.00000,
,,,00.001792000000,  96.00000,
,,,00.001794000000,  96.00000,
,,,00.001796000000,  96.00000,
,,,00.001798000000,  96.00000,
,,,00.001800000000,  96.00000,
,,,00.001802000000,  96.00000,
,,,00.001804000000,  96.00000,
,,,00.001806000000,  96.00000,
,,,00.001808000000,  96.00000,
,,,00.001810000000,  96.00000,
,,,00.001812000000,  96.00000,
,,,00.001814000000,  96.00000,
,,,00.001816000000,  96.00000,
,,,00.001818000000,  96.00000,
,,,00.001820000000,  96.00000,
,,,00.001822000000,  96.00000,
,,,00.001824000000,  96.00000,
,,,00.001826000000,  96.00000,
,,,00.001828000000,  96.00000,
,,,00.001830000000,  96.00000,
,,,00.001832000000,  96.00000,
,,,00.001834000000,  96.00000,
,,,00.001836000000,  96.00000,
,,,00.001838000000,  96.00000,
,,,00.001840000000,  96.00000,
,,,00.001842000000,  96.00000,
,,,00.001844000000,  96.00000,
,,,00.001846000000,  96.00000,
,,,00.001848000000,  98.00000,
,,,00.001850000000,  96.00000,
,,,00.001852000000,  98.00000,
,,,00.001854000000,  98.00000,
,,,00.001856000000,  96.00000,
,,,00.001858000000,  96.00000,
,,,00.001860000000,  96.00000,
,,,00.001862000000,  96.00000,
,,,00.001864000000,  96.00000,
,,,00.001866000000,  96.00000,
,,,00.001868000000,  96.00000,
,,,00.001870000000,  98.00000,
,,,00.001872000000,  96.00000,
,,,00.001874000000,  96.00000,
,,,00.001876000000,  96.00000,
,,,00.001878000000,  96.00000,
,,,00.001880000000,  98.00000,
,,,00.001882000000,  96.00000,
,,,00.001884000000,  98.00000,
,,,00.001886000000,  98.00000,
,,,00.001888000000,  96.00000,
,,,00.001890000000,  96.00000,
,,,00.001892000000,  98.00000,
,,,00.001894000000,  96.00000,
,,,00.001896000000,  98.00000,
,,,00.001898000000,  98.00000,
,,,00.001900000000,  98.00000,
,,,00.001902000000,  98.00000,
,,,00.001904000000,  98.00000,
,,,00.001906000000,  96.00000,
,,,00.001908000000,  98.00000,
,,,00.001910000000,  98.00000,
,,,00.001912000000,  98.00000,
,,,00.001914000000,  96.00000,
,,,00.001916000000,  98.00000,
,,,00.001918000000,  98.00000,
,,,00.001920000000,  98.00000,
,,,00.001922000000,  98.00000,
,,,00.001924000000,  98.00000,
,,,00.001926000000,  98.00000,
,,,00.001928000000,  96.00000,
,,,00.001930000000,  98.00000,
,,,00.001932000000,  96.00000,
,,,00.001934000000,  98.00000,
,,,00.001936000000,  98.00000,
,,,00.001938000000,  98.00000,
,,,00.001940000000,  98.00000,
,,,00.001942000000,  98.00000,
,,,00.001944000000,  98.00000,
,,,00.001946000000,  98.00000,
,,,00.001948000000,  98.00000,
,,,00.001950000000,  98.00000,
,,,00.001952000000,  98.00000,
,,,00.001954000000,  98.00000,
,,,00.001956000000,  98.00000,
,,,00.001958000000,  98.00000,
,,,00.001960000000,  98.00000,
,,,00.001962000000,  98.00000,
,,,00.001964000000,  98.00000,
,,,00.001966000000,  98.00000,
,,,00.001968000000,  98.00000,
,,,00.001970000000,  98.00000,
,,,00.001972000000,  98.00000,
,,,00.001974000000,  98.00000,
,,,00.001976000000,  98.00000,
,,,00.001978000000,  98.00000,
,,,00.001980000000,  98.00000,
,,,00.001982000000,  98.00000,
,,,00.001984000000,  98.00000,
,,,00.001986000000,  98.00000,
,,,00.001988000000,  98.00000,
,,,00.001990000000,  98.00000,
,,,00.001992000000,  98.00000,
,,,00.001994000000,  98.00000,
,,,00.001996000000,  98.00000,
,,,00.001998000000,  98.00000,
,,,00.002000000000,  98.00000,
,,,00.002002000000,  98.00000,
,,,00.002004000000,  98.00000,
,,,00.002006000000,  98.00000,
,,,00.002008000000,  98.00000,
,,,00.002010000000,  98.00000,
,,,00.002012000000,  98.00000,
,,,00.002014000000,  98.00000,
,,,00.002016000000,  98.00000,
,,,00.002018000000,  98.00000,
,,,00.002020000000,  98.00000,
,,,00.002022000000,  98.00000,
,,,00.002024000000,  98.00000,
,,,00.002026000000,  98.00000,
,,,00.002028000000,  98.00000,
,,,00.002030000000,  98.00000,
,,,00.002032000000,  98.00000,
,,,00.002034000000, 100.00000,
,,,00.002036000000, 100.00000,
,,,00.002038000000,  98.00000,
,,,00.002040000000,  98.00000,
,,,00.002042000000,  98.00000,
,,,00.002044000000,  98.00000,
,,,00.002046000000, 100.00000,
,,,00.002048000000, 100.00000,
,,,00.002050000000,  98.00000,
,,,00.002052000000,  98.00000,
,,,00.002054000000,  98.00000,
,,,00.002056000000,  98.00000,
,,,00.002058000000,  98.00000,
,,,00.002060000000, 100.00000,
,,,00.002062000000,  98.00000,
,,,00.002064000000, 100.00000,
,,,00.002066000000,  98.00000,
,,,00.002068000000, 100.00000,
,,,00.002070000000, 100.00000,
,,,00.002072000000,  98.00000,
,,,00.002074000000, 100.00000,
,,,00.002076000000, 100.00000,
,,,00.002078000000, 100.00000,
,,,00.002080000000, 100.00000,
,,,00.002082000000,  98.00000,
,,,00.002084000000, 100.00000,
,,,00.002086000000, 100.00000,
,,,00.002088000000, 100.00000,
,,,00.002090000000, 100.00000,
,,,00.002092000000,  98.00000,
,,,00.002094000000,  98.00000,
,,,00.002096000000, 100.00000,
,,,00.002098000000, 100.00000,
,,,00.002100000000, 100.00000,
,,,00.002102000000, 100.00000,
,,,00.002104000000, 100.00000,
,,,00.002106000000, 100.00000,
,,,00.002108000000,  98.00000,
,,,00.002110000000, 100.00000,
,,,00.002112000000, 100.00000,
,,,00.002114000000, 100.00000,
,,,00.002116000000, 100.00000,
,,,00.002118000000, 100.00000,
,,,00.002120000000, 100.00000,
,,,00.002122000000, 100.00000,
,,,00.002124000000, 100.00000,
,,,00.002126000000, 100.00000,
,,,00.002128000000, 100.00000,
,,,00.002130000000, 100.00000,
,,,00.002132000000, 100.00000,
,,,00.002134000000, 100.00000,
,,,00.002136000000, 100.00000,
,,,00.002138000000, 100.00000,
,,,00.002140000000, 100.00000,
,,,00.002142000000, 100.00000,
,,,00.002144000000, 100.00000,
,,,00.002146000000, 100.00000,
,,,00.002148000000, 100.00000,
,,,00.002150000000, 100.00000,
,,,00.002152000000, 100.00000,
,,,00.002154000000, 100.00000,
,,,00.002156000000, 100.00000,
,,,00.002158000000, 100.00000,
,,,00.002160000000, 100.00000,
,,,00.002162000000, 100.00000,
,,,00.002164000000, 100.00000,
,,,00.002166000000, 100.00000,
,,,00.002168000000, 100.00000,
,,,00.002170000000, 100.00000,
,,,00.002172000000, 100.00000,
,,,00.002174000000, 100.00000,
,,,00.002176000000, 100.00000,
,,,00.002178000000, 100.00000,
,,,00.002180000000, 100.00000,
,,,00.002182000000, 100.00000,
,,,00.002184000000, 100.00000,
,,,00.002186000000, 100.00000,
,,,00.002188000000, 100.00000,
,,,00.002190000000, 100.00000,
,,,00.002192000000, 100.00000,
,,,00.002194000000, 100.00000,
,,,00.002196000000, 100.00000,
,,,00.002198000000, 100.00000,
,,,00.002200000000, 100.00000,
,,,00.002202000000, 100.00000,
,,,00.002204000000, 100.00000,
,,,00.002206000000, 100.00000,
,,,00.002208000000, 100.00000,
,,,00.002210000000, 100.00000,
,,,00.002212000000, 100.00000,
,,,00.002214000000, 100.00000,
,,,00.002216000000, 100.00000,
,,,00.002218000000, 100.00000,
,,,00.002220000000, 100.00000,
,,,00.002222000000, 100.00000,
,,,00.002224000000, 100.00000,
,,,00.002226000000, 100.00000,
,,,00.002228000000, 100.00000,
,,,00.002230000000, 100.00000,
,,,00.002232000000, 100.00000,
,,,00.002234000000, 100.00000,
,,,00.002236000000, 100.00000,
,,,00.002238000000, 100.00000,
,,,00.002240000000, 100.00000,
,,,00.002242000000, 100.00000,
,,,00.002244000000, 100.00000,
,,,00.002246000000, 100.00000,
,,,00.002248000000, 100.00000,
,,,00.002250000000, 100.00000,
,,,00.002252000000, 100.00000,
,,,00.002254000000, 100.00000,
,,,00.002256000000, 100.00000,
,,,00.002258000000, 100.00000,
,,,00.002260000000, 100.00000,
,,,00.002262000000, 100.00000,
,,,00.002264000000, 100.00000,
,,,00.002266000000, 100.00000,
,,,00.002268000000, 100.00000,
,,,00.002270000000, 100.00000,
,,,00.002272000000, 100.00000,
,,,00.002274000000, 100.00000,
,,,00.002276000000, 102.00000,
,,,00.002278000000, 100.00000,
,,,00.002280000000, 100.00000,
,,,00.002282000000, 100.00000,
,,,00.002284000000, 100.00000,
,,,00.002286000000, 100.00000,
,,,00.002288000000, 100.00000,
,,,00.002290000000, 100.00000,
,,,00.002292000000, 100.00000,
,,,00.002294000000, 100.00000,
,,,00.002296000000, 100.00000,
,,,00.002298000000, 100.00000,
,,,00.002300000000, 100.00000,
,,,00.002302000000, 100.00000,
,,,00.002304000000, 102.00000,
,,,00.002306000000, 100.00000,
,,,00.002308000000, 100.00000,
,,,00.002310000000, 100.00000,
,,,00.002312000000, 100.00000,
,,,00.002314000000, 100.00000,
,,,00.002316000000, 100.00000,
,,,00.002318000000, 102.00000,
,,,00.002320000000, 100.00000,
,,,00.002322000000, 102.00000,
,,,00.002324000000, 102.00000,
,,,00.002326000000, 100.00000,
,,,00.002328000000, 102.00000,
,,,00.002330000000, 100.00000,
,,,00.002332000000, 100.00000,
,,,00.002334000000, 102.00000,
,,,00.002336000000, 102.00000,
,,,00.002338000000, 102.00000,
,,,00.002340000000, 100.00000,
,,,00.002342000000, 100.00000,
,,,00.002344000000, 100.00000,
,,,00.002346000000, 102.00000,
,,,00.002348000000, 102.00000,
,,,00.002350000000, 102.00000,
,,,00.002352000000, 102.00000,
,,,00.002354000000, 100.00000,
,,,00.002356000000, 102.00000,
,,,00.002358000000, 100.00000,
,,,00.002360000000, 102.00000,
,,,00.002362000000, 102.00000,
,,,00.002364000000, 100.00000,
,,,00.002366000000, 102.00000,
,,,00.002368000000, 102.00000,
,,,00.002370000000, 102.00000,
,,,00.002372000000, 102.00000,
,,,00.002374000000, 102.00000,
,,,00.002376000000, 100.00000,
,,,00.002378000000, 100.00000,
,,,00.002380000000, 100.00000,
,,,00.002382000000, 100.00000,
,,,00.002384000000, 102.00000,
,,,00.002386000000, 100.00000,
,,,00.002388000000, 100.00000,
,,,00.002390000000, 102.00000,
,,,00.002392000000, 102.00000,
,,,00.002394000000, 102.00000,
,,,00.002396000000, 102.00000,
,,,00.002398000000, 102.00000,
,,,00.002400000000, 102.00000,
,,,00.002402000000, 102.00000,
,,,00.002404000000, 102.00000,
,,,00.002406000000, 102.00000,
,,,00.002408000000, 102.00000,
,,,00.002410000000, 102.00000,
,,,00.002412000000, 102.00000,
,,,00.002414000000, 102.00000,
,,,00.002416000000, 102.00000,
,,,00.002418000000, 102.00000,
,,,00.002420000000, 102.00000,
,,,00.002422000000, 102.00000,
,,,00.002424000000, 102.00000,
,,,00.002426000000, 102.00000,
,,,00.002428000000, 102.00000,
,,,00.002430000000, 102.00000,
,,,00.002432000000, 102.00000,
,,,00.002434000000, 102.00000,
,,,00.002436000000, 102.00000,
,,,00.002438000000, 102.00000,
,,,00.002440000000, 102.00000,
,,,00.002442000000, 102.00000,
,,,00.002444000000, 102.00000,
,,,00.002446000000, 102.00000,
,,,00.002448000000, 102.00000,
,,,00.002450000000, 102.00000,
,,,00.002452000000, 102.00000,
,,,00.002454000000, 102.00000,
,,,00.002456000000, 102.00000,
,,,00.002458000000, 102.00000,
,,,00.002460000000, 102.00000,
,,,00.002462000000, 102.00000,
,,,00.002464000000, 102.00000,
,,,00.002466000000, 102.00000,
,,,00.002468000000, 102.00000,
,,,00.002470000000, 102.00000,
,,,00.002472000000, 102.00000,
,,,00.002474000000, 102.00000,
,,,00.002476000000, 102.00000,
,,,00.002478000000, 102.00000,
,,,00.002480000000, 102.00000,
,,,00.002482000000, 102.00000,
,,,00.002484000000, 102.00000,
,,,00.002486000000, 102.00000,
,,,00.002488000000, 102.00000,
,,,00.002490000000, 102.00000,
,,,00.002492000000, 102.00000,
,,,00.002494000000, 102.00000,
,,,00.002496000000, 102.00000,
,,,00.002498000000, 102.00000,
,,,00.002500000000, 102.00000,
,,,00.002502000000, 102.00000,
,,,00.002504000000, 102.00000,
,,,00.002506000000, 104.00000,
,,,00.002508000000, 102.00000,
,,,00.002510000000, 102.00000,
,,,00.002512000000, 102.00000,
,,,00.002514000000, 102.00000,
,,,00.002516000000, 104.00000,
,,,00.002518000000, 104.00000,
,,,00.002520000000, 102.00000,
,,,00.002522000000, 104.00000,
,,,00.002524000000, 104.00000,
,,,00.002526000000, 102.00000,
,,,00.002528000000, 104.00000,
,,,00.002530000000, 104.00000,
,,,00.002532000000, 104.00000,
,,,00.002534000000, 102.00000,
,,,00.002536000000, 104.00000,
,,,00.002538000000, 102.00000,
,,,00.002540000000, 104.00000,
,,,00.002542000000, 102.00000,
,,,00.002544000000, 102.00000,
,,,00.002546000000, 104.00000,
,,,00.002548000000, 104.00000,
,,,00.002550000000, 102.00000,
,,,00.002552000000, 104.00000,
,,,00.002554000000, 104.00000,
,,,00.002556000000, 104.00000,
,,,00.002558000000, 104.00000,
,,,00.002560000000, 104.00000,
,,,00.002562000000, 104.00000,
,,,00.002564000000, 104.00000,
,,,00.002566000000, 104.00000,
,,,00.002568000000, 102.00000,
,,,00.002570000000, 104.00000,
,,,00.002572000000, 104.00000,
,,,00.002574000000, 104.00000,
,,,00.002576000000, 104.00000,
,,,00.002578000000, 104.00000,
,,,00.002580000000, 104.00000,
,,,00.002582000000, 104.00000,
,,,00.002584000000, 104.00000,
,,,00.002586000000, 104.00000,
,,,00.002588000000, 104.00000,
,,,00.002590000000, 104.00000,
,,,00.002592000000, 104.00000,
,,,00.002594000000, 104.00000,
,,,00.002596000000, 104.00000,
,,,00.002598000000, 104.00000,
,,,00.002600000000, 104.00000,
,,,00.002602000000, 104.00000,
,,,00.002604000000, 104.00000,
,,,00.002606000000, 104.00000,
,,,00.002608000000, 104.00000,
,,,00.002610000000, 104.00000,
,,,00.002612000000, 104.00000,
,,,00.002614000000, 104.00000,
,,,00.002616000000, 104.00000,
,,,00.002618000000, 104.00000,
,,,00.002620000000, 104.00000,
,,,00.002622000000, 104.00000,
,,,00.002624000000, 104.00000,
,,,00.002626000000, 104.00000,
,,,00.002628000000, 104.00000,
,,,00.002630000000, 104.00000,
,,,00.002632000000, 104.00000,
,,,00.002634000000, 104.00000,
,,,00.002636000000, 104.00000,
,,,00.002638000000, 104.00000,
,,,00.002640000000, 104.00000,
,,,00.002642000000, 104.00000,
,,,00.002644000000, 104.00000,
,,,00.002646000000, 104.00000,
,,,00.002648000000, 106.00000,
,,,00.002650000000, 104.00000,
,,,00.002652000000, 104.00000,
,,,00.002654000000, 104.00000,
,,,00.002656000000, 104.00000,
,,,00.002658000000, 104.00000,
,,,00.002660000000, 104.00000,
,,,00.002662000000, 104.00000,
,,,00.002664000000, 106.00000,
,,,00.002666000000, 104.00000,
,,,00.002668000000, 104.00000,
,,,00.002670000000, 104.00000,
,,,00.002672000000, 104.00000,
,,,00.002674000000, 104.00000,
,,,00.002676000000, 104.00000,
,,,00.002678000000, 104.00000,
,,,00.002680000000, 106.00000,
,,,00.002682000000, 104.00000,
,,,00.002684000000, 104.00000,
,,,00.002686000000, 104.00000,
,,,00.002688000000, 104.00000,
,,,00.002690000000, 104.00000,
,,,00.002692000000, 104.00000,
,,,00.002694000000, 104.00000,
,,,00.002696000000, 104.00000,
,,,00.002698000000, 104.00000,
,,,00.002700000000, 104.00000,
,,,00.002702000000, 106.00000,
,,,00.002704000000, 104.00000,
,,,00.002706000000, 104.00000,
,,,00.002708000000, 106.00000,
,,,00.002710000000, 106.00000,
,,,00.002712000000, 104.00000,
,,,00.002714000000, 104.00000,
,,,00.002716000000, 104.00000,
,,,00.002718000000, 106.00000,
,,,00.002720000000, 104.00000,
,,,00.002722000000, 104.00000,
,,,00.002724000000, 104.00000,
,,,00.002726000000, 106.00000,
,,,00.002728000000, 106.00000,
,,,00.002730000000, 104.00000,
,,,00.002732000000, 104.00000,
,,,00.002734000000, 106.00000,
,,,00.002736000000, 106.00000,
,,,00.002738000000, 104.00000,
,,,00.002740000000, 106.00000,
,,,00.002742000000, 106.00000,
,,,00.002744000000, 106.00000,
,,,00.002746000000, 106.00000,
,,,00.002748000000, 106.00000,
,,,00.002750000000, 106.00000,
,,,00.002752000000, 106.00000,
,,,00.002754000000, 104.00000,
,,,00.002756000000, 106.00000,
,,,00.002758000000, 106.00000,
,,,00.002760000000, 106.00000,
,,,00.002762000000, 106.00000,
,,,00.002764000000, 106.00000,
,,,00.002766000000, 106.00000,
,,,00.002768000000, 106.00000,
,,,00.002770000000, 106.00000,
,,,00.002772000000, 106.00000,
,,,00.002774000000, 106.00000,
,,,00.002776000000, 106.00000,
,,,00.002778000000, 106.00000,
,,,00.002780000000, 106.00000,
,,,00.002782000000, 106.00000,
,,,00.002784000000, 106.00000,
,,,00.002786000000, 106.00000,
,,,00.002788000000, 106.00000,
,,,00.002790000000, 106.00000,
,,,00.002792000000, 106.00000,
,,,00.002794000000, 104.00000,
,,,00.002796000000, 106.00000,
,,,00.002798000000, 106.00000,
,,,00.002800000000, 106.00000,
,,,00.002802000000, 106.00000,
,,,00.002804000000, 106.00000,
,,,00.002806000000, 106.00000,
,,,00.002808000000, 106.00000,
,,,00.002810000000, 106.00000,
,,,00.002812000000, 106.00000,
,,,00.002814000000, 106.00000,
,,,00.002816000000, 106.00000,
,,,00.002818000000, 106.00000,
,,,00.002820000000, 106.00000,
,,,00.002822000000, 106.00000,
,,,00.002824000000, 106.00000,
,,,00.002826000000, 106.00000,
,,,00.002828000000, 106.00000,
,,,00.002830000000, 106.00000,
,,,00.002832000000, 106.00000,
,,,00.002834000000, 106.00000,
,,,00.002836000000, 106.00000,
,,,00.002838000000, 106.00000,
,,,00.002840000000, 106.00000,
,,,00.002842000000, 106.00000,
,,,00.002844000000, 106.00000,
,,,00.002846000000, 106.00000,
,,,00.002848000000, 106.00000,
,,,00.002850000000, 106.00000,
,,,00.002852000000, 106.00000,
,,,00.002854000000, 106.00000,
,,,00.002856000000, 106.00000,
,,,00.002858000000, 106.00000,
,,,00.002860000000, 106.00000,
,,,00.002862000000, 106.00000,
,,,00.002864000000, 106.00000,
,,,00.002866000000, 106.00000,
,,,00.002868000000, 106.00000,
,,,00.002870000000, 106.00000,
,,,00.002872000000, 106.00000,
,,,00.002874000000, 106.00000,
,,,00.002876000000, 106.00000,
,,,00.002878000000, 106.00000,
,,,00.002880000000, 106.00000,
,,,00.002882000000, 106.00000,
,,,00.002884000000, 106.00000,
,,,00.002886000000, 106.00000,
,,,00.002888000000, 106.00000,
,,,00.002890000000, 106.00000,
,,,00.002892000000, 106.00000,
,,,00.002894000000, 106.00000,
,,,00.002896000000, 106.00000,
,,,00.002898000000, 106.00000,
,,,00.002900000000, 106.00000,
,,,00.002902000000, 106.00000,
,,,00.002904000000, 106.00000,
,,,00.002906000000, 106.00000,
,,,00.002908000000, 106.00000,
,,,00.002910000000, 106.00000,
,,,00.002912000000, 106.00000,
,,,00.002914000000, 106.00000,
,,,00.002916000000, 108.00000,
,,,00.002918000000, 106.00000,
,,,00.002920000000, 106.00000,
,,,00.002922000000, 106.00000,
,,,00.002924000000, 106.00000,
,,,00.002926000000, 106.00000,
,,,00.002928000000, 108.00000,
,,,00.002930000000, 108.00000,
,,,00.002932000000, 106.00000,
,,,00.002934000000, 108.00000,
,,,00.002936000000, 106.00000,
,,,00.002938000000, 106.00000,
,,,00.002940000000, 106.00000,
,,,00.002942000000, 106.00000,
,,,00.002944000000, 108.00000,
,,,00.002946000000, 106.00000,
,,,00.002948000000, 106.00000,
,,,00.002950000000, 108.00000,
,,,00.002952000000, 106.00000,
,,,00.002954000000, 108.00000,
,,,00.002956000000, 106.00000,
,,,00.002958000000, 108.00000,
,,,00.002960000000, 106.00000,
,,,00.002962000000, 106.00000,
,,,00.002964000000, 106.00000,
,,,00.002966000000, 106.00000,
,,,00.002968000000, 108.00000,
,,,00.002970000000, 106.00000,
,,,00.002972000000, 106.00000,
,,,00.002974000000, 108.00000,
,,,00.002976000000, 108.00000,
,,,00.002978000000, 108.00000,
,,,00.002980000000, 108.00000,
,,,00.002982000000, 106.00000,
,,,00.002984000000, 106.00000,
,,,00.002986000000, 106.00000,
,,,00.002988000000, 108.00000,
,,,00.002990000000, 108.00000,
,,,00.002992000000, 108.00000,
,,,00.002994000000, 106.00000,
,,,00.002996000000, 108.00000,
,,,00.002998000000, 108.00000,
,,,00.003000000000, 108.00000,
,,,00.003002000000, 108.00000,
,,,00.003004000000, 106.00000,
,,,00.003006000000, 108.00000,
,,,00.003008000000, 106.00000,
,,,00.003010000000, 108.00000,
,,,00.003012000000, 108.00000,
,,,00.003014000000, 108.00000,
,,,00.003016000000, 108.00000,
,,,00.003018000000, 106.00000,
